ISO-10303-21;
HEADER;
FILE_DESCRIPTION(('KiCad electronic assembly'),'2;1');
FILE_NAME('TeensyRPN42.step','2025-12-17T14:09:37',('Pcbnew'),('Kicad'),
  'Open CASCADE STEP processor 7.8','KiCad to STEP converter','Unknown'
  );
FILE_SCHEMA(('AUTOMOTIVE_DESIGN { 1 0 10303 214 1 1 1 1 }'));
ENDSEC;
DATA;
#1 = APPLICATION_PROTOCOL_DEFINITION('international standard',
  'automotive_design',2000,#2);
#2 = APPLICATION_CONTEXT(
  'core data for automotive mechanical design processes');
#3 = SHAPE_DEFINITION_REPRESENTATION(#4,#10);
#4 = PRODUCT_DEFINITION_SHAPE('','',#5);
#5 = PRODUCT_DEFINITION('design','',#6,#9);
#6 = PRODUCT_DEFINITION_FORMATION('','',#7);
#7 = PRODUCT('TeensyRPN42 1','TeensyRPN42 1','',(#8));
#8 = PRODUCT_CONTEXT('',#2,'mechanical');
#9 = PRODUCT_DEFINITION_CONTEXT('part definition',#2,'design');
#10 = SHAPE_REPRESENTATION('',(#11,#15),#19);
#11 = AXIS2_PLACEMENT_3D('',#12,#13,#14);
#12 = CARTESIAN_POINT('',(0.,0.,0.));
#13 = DIRECTION('',(0.,0.,1.));
#14 = DIRECTION('',(1.,0.,-0.));
#15 = AXIS2_PLACEMENT_3D('',#16,#17,#18);
#16 = CARTESIAN_POINT('',(0.,0.,0.));
#17 = DIRECTION('',(0.,0.,1.));
#18 = DIRECTION('',(1.,0.,-0.));
#19 = ( GEOMETRIC_REPRESENTATION_CONTEXT(3) 
GLOBAL_UNCERTAINTY_ASSIGNED_CONTEXT((#23)) GLOBAL_UNIT_ASSIGNED_CONTEXT(
(#20,#21,#22)) REPRESENTATION_CONTEXT('Context #1',
  '3D Context with UNIT and UNCERTAINTY') );
#20 = ( LENGTH_UNIT() NAMED_UNIT(*) SI_UNIT(.MILLI.,.METRE.) );
#21 = ( NAMED_UNIT(*) PLANE_ANGLE_UNIT() SI_UNIT($,.RADIAN.) );
#22 = ( NAMED_UNIT(*) SI_UNIT($,.STERADIAN.) SOLID_ANGLE_UNIT() );
#23 = UNCERTAINTY_MEASURE_WITH_UNIT(LENGTH_MEASURE(1.E-07),#20,
  'distance_accuracy_value','confusion accuracy');
#24 = PRODUCT_RELATED_PRODUCT_CATEGORY('part',$,(#7));
#25 = SHAPE_DEFINITION_REPRESENTATION(#26,#32);
#26 = PRODUCT_DEFINITION_SHAPE('','',#27);
#27 = PRODUCT_DEFINITION('design','',#28,#31);
#28 = PRODUCT_DEFINITION_FORMATION('','',#29);
#29 = PRODUCT('TeensyRPN42_PCB','TeensyRPN42_PCB','',(#30));
#30 = PRODUCT_CONTEXT('',#2,'mechanical');
#31 = PRODUCT_DEFINITION_CONTEXT('part definition',#2,'design');
#32 = ADVANCED_BREP_SHAPE_REPRESENTATION('',(#11,#33),#4668);
#33 = MANIFOLD_SOLID_BREP('',#34);
#34 = CLOSED_SHELL('',(#35,#75,#106,#137,#1419,#2701,#2713,#2730,#2747,
    #2764,#2781,#2798,#2815,#2832,#2849,#2866,#2883,#2900,#2917,#2934,
    #2951,#2968,#2985,#3002,#3019,#3036,#3053,#3070,#3087,#3104,#3121,
    #3138,#3155,#3172,#3189,#3206,#3223,#3240,#3257,#3274,#3291,#3308,
    #3325,#3342,#3359,#3376,#3393,#3410,#3427,#3444,#3461,#3478,#3495,
    #3512,#3529,#3546,#3563,#3580,#3597,#3614,#3631,#3648,#3665,#3682,
    #3699,#3716,#3733,#3750,#3767,#3784,#3801,#3818,#3835,#3852,#3869,
    #3886,#3903,#3920,#3937,#3954,#3971,#3988,#4005,#4022,#4039,#4056,
    #4073,#4090,#4107,#4124,#4141,#4158,#4175,#4192,#4209,#4226,#4243,
    #4260,#4277,#4294,#4311,#4328,#4345,#4362,#4379,#4396,#4413,#4430,
    #4447,#4464,#4481,#4498,#4515,#4532,#4549,#4566,#4583,#4600,#4617,
    #4634,#4651));
#35 = ADVANCED_FACE('',(#36),#70,.T.);
#36 = FACE_BOUND('',#37,.T.);
#37 = EDGE_LOOP('',(#38,#48,#56,#64));
#38 = ORIENTED_EDGE('',*,*,#39,.T.);
#39 = EDGE_CURVE('',#40,#42,#44,.T.);
#40 = VERTEX_POINT('',#41);
#41 = CARTESIAN_POINT('',(159.99,-175.656,0.));
#42 = VERTEX_POINT('',#43);
#43 = CARTESIAN_POINT('',(159.99,-175.656,1.55));
#44 = LINE('',#45,#46);
#45 = CARTESIAN_POINT('',(159.99,-175.656,0.));
#46 = VECTOR('',#47,1.);
#47 = DIRECTION('',(0.,0.,1.));
#48 = ORIENTED_EDGE('',*,*,#49,.T.);
#49 = EDGE_CURVE('',#42,#50,#52,.T.);
#50 = VERTEX_POINT('',#51);
#51 = CARTESIAN_POINT('',(46.99,-175.656,1.55));
#52 = LINE('',#53,#54);
#53 = CARTESIAN_POINT('',(159.99,-175.656,1.55));
#54 = VECTOR('',#55,1.);
#55 = DIRECTION('',(-1.,0.,0.));
#56 = ORIENTED_EDGE('',*,*,#57,.F.);
#57 = EDGE_CURVE('',#58,#50,#60,.T.);
#58 = VERTEX_POINT('',#59);
#59 = CARTESIAN_POINT('',(46.99,-175.656,0.));
#60 = LINE('',#61,#62);
#61 = CARTESIAN_POINT('',(46.99,-175.656,0.));
#62 = VECTOR('',#63,1.);
#63 = DIRECTION('',(0.,0.,1.));
#64 = ORIENTED_EDGE('',*,*,#65,.F.);
#65 = EDGE_CURVE('',#40,#58,#66,.T.);
#66 = LINE('',#67,#68);
#67 = CARTESIAN_POINT('',(159.99,-175.656,0.));
#68 = VECTOR('',#69,1.);
#69 = DIRECTION('',(-1.,0.,0.));
#70 = PLANE('',#71);
#71 = AXIS2_PLACEMENT_3D('',#72,#73,#74);
#72 = CARTESIAN_POINT('',(159.99,-175.656,0.));
#73 = DIRECTION('',(0.,-1.,0.));
#74 = DIRECTION('',(-1.,0.,0.));
#75 = ADVANCED_FACE('',(#76),#101,.T.);
#76 = FACE_BOUND('',#77,.T.);
#77 = EDGE_LOOP('',(#78,#88,#94,#95));
#78 = ORIENTED_EDGE('',*,*,#79,.T.);
#79 = EDGE_CURVE('',#80,#82,#84,.T.);
#80 = VERTEX_POINT('',#81);
#81 = CARTESIAN_POINT('',(159.99,-74.576,0.));
#82 = VERTEX_POINT('',#83);
#83 = CARTESIAN_POINT('',(159.99,-74.576,1.55));
#84 = LINE('',#85,#86);
#85 = CARTESIAN_POINT('',(159.99,-74.576,0.));
#86 = VECTOR('',#87,1.);
#87 = DIRECTION('',(0.,0.,1.));
#88 = ORIENTED_EDGE('',*,*,#89,.T.);
#89 = EDGE_CURVE('',#82,#42,#90,.T.);
#90 = LINE('',#91,#92);
#91 = CARTESIAN_POINT('',(159.99,-74.576,1.55));
#92 = VECTOR('',#93,1.);
#93 = DIRECTION('',(0.,-1.,0.));
#94 = ORIENTED_EDGE('',*,*,#39,.F.);
#95 = ORIENTED_EDGE('',*,*,#96,.F.);
#96 = EDGE_CURVE('',#80,#40,#97,.T.);
#97 = LINE('',#98,#99);
#98 = CARTESIAN_POINT('',(159.99,-74.576,0.));
#99 = VECTOR('',#100,1.);
#100 = DIRECTION('',(0.,-1.,0.));
#101 = PLANE('',#102);
#102 = AXIS2_PLACEMENT_3D('',#103,#104,#105);
#103 = CARTESIAN_POINT('',(159.99,-74.576,0.));
#104 = DIRECTION('',(1.,0.,-0.));
#105 = DIRECTION('',(0.,-1.,0.));
#106 = ADVANCED_FACE('',(#107),#132,.T.);
#107 = FACE_BOUND('',#108,.T.);
#108 = EDGE_LOOP('',(#109,#110,#118,#126));
#109 = ORIENTED_EDGE('',*,*,#57,.T.);
#110 = ORIENTED_EDGE('',*,*,#111,.T.);
#111 = EDGE_CURVE('',#50,#112,#114,.T.);
#112 = VERTEX_POINT('',#113);
#113 = CARTESIAN_POINT('',(46.99,-74.576,1.55));
#114 = LINE('',#115,#116);
#115 = CARTESIAN_POINT('',(46.99,-175.656,1.55));
#116 = VECTOR('',#117,1.);
#117 = DIRECTION('',(0.,1.,0.));
#118 = ORIENTED_EDGE('',*,*,#119,.F.);
#119 = EDGE_CURVE('',#120,#112,#122,.T.);
#120 = VERTEX_POINT('',#121);
#121 = CARTESIAN_POINT('',(46.99,-74.576,0.));
#122 = LINE('',#123,#124);
#123 = CARTESIAN_POINT('',(46.99,-74.576,0.));
#124 = VECTOR('',#125,1.);
#125 = DIRECTION('',(0.,0.,1.));
#126 = ORIENTED_EDGE('',*,*,#127,.F.);
#127 = EDGE_CURVE('',#58,#120,#128,.T.);
#128 = LINE('',#129,#130);
#129 = CARTESIAN_POINT('',(46.99,-175.656,0.));
#130 = VECTOR('',#131,1.);
#131 = DIRECTION('',(0.,1.,0.));
#132 = PLANE('',#133);
#133 = AXIS2_PLACEMENT_3D('',#134,#135,#136);
#134 = CARTESIAN_POINT('',(46.99,-175.656,0.));
#135 = DIRECTION('',(-1.,0.,0.));
#136 = DIRECTION('',(0.,1.,0.));
#137 = ADVANCED_FACE('',(#138,#149,#160,#171,#182,#193,#204,#215,#226,
    #237,#248,#259,#270,#281,#292,#303,#314,#325,#336,#347,#358,#369,
    #380,#391,#402,#413,#424,#435,#446,#457,#468,#479,#490,#501,#512,
    #523,#534,#545,#556,#567,#578,#589,#600,#611,#622,#633,#644,#655,
    #666,#677,#688,#699,#710,#721,#732,#743,#754,#765,#776,#787,#798,
    #809,#820,#831,#842,#853,#864,#875,#886,#897,#908,#919,#930,#941,
    #952,#963,#974,#985,#996,#1007,#1018,#1029,#1040,#1051,#1062,#1073,
    #1084,#1095,#1106,#1117,#1128,#1139,#1150,#1161,#1172,#1183,#1194,
    #1205,#1216,#1227,#1238,#1249,#1260,#1271,#1282,#1293,#1304,#1315,
    #1326,#1337,#1348,#1359,#1370,#1381,#1392,#1403),#1414,.F.);
#138 = FACE_BOUND('',#139,.F.);
#139 = EDGE_LOOP('',(#140,#141,#142,#148));
#140 = ORIENTED_EDGE('',*,*,#65,.F.);
#141 = ORIENTED_EDGE('',*,*,#96,.F.);
#142 = ORIENTED_EDGE('',*,*,#143,.F.);
#143 = EDGE_CURVE('',#120,#80,#144,.T.);
#144 = LINE('',#145,#146);
#145 = CARTESIAN_POINT('',(46.99,-74.576,0.));
#146 = VECTOR('',#147,1.);
#147 = DIRECTION('',(1.,0.,0.));
#148 = ORIENTED_EDGE('',*,*,#127,.F.);
#149 = FACE_BOUND('',#150,.F.);
#150 = EDGE_LOOP('',(#151));
#151 = ORIENTED_EDGE('',*,*,#152,.T.);
#152 = EDGE_CURVE('',#153,#153,#155,.T.);
#153 = VERTEX_POINT('',#154);
#154 = CARTESIAN_POINT('',(60.698,-164.4,0.));
#155 = CIRCLE('',#156,0.6);
#156 = AXIS2_PLACEMENT_3D('',#157,#158,#159);
#157 = CARTESIAN_POINT('',(60.698,-163.8,0.));
#158 = DIRECTION('',(-0.,0.,-1.));
#159 = DIRECTION('',(-0.,-1.,0.));
#160 = FACE_BOUND('',#161,.F.);
#161 = EDGE_LOOP('',(#162));
#162 = ORIENTED_EDGE('',*,*,#163,.T.);
#163 = EDGE_CURVE('',#164,#164,#166,.T.);
#164 = VERTEX_POINT('',#165);
#165 = CARTESIAN_POINT('',(60.198,-160.95,0.));
#166 = CIRCLE('',#167,0.95);
#167 = AXIS2_PLACEMENT_3D('',#168,#169,#170);
#168 = CARTESIAN_POINT('',(60.198,-160.,0.));
#169 = DIRECTION('',(-0.,0.,-1.));
#170 = DIRECTION('',(-0.,-1.,0.));
#171 = FACE_BOUND('',#172,.F.);
#172 = EDGE_LOOP('',(#173));
#173 = ORIENTED_EDGE('',*,*,#174,.T.);
#174 = EDGE_CURVE('',#175,#175,#177,.T.);
#175 = VERTEX_POINT('',#176);
#176 = CARTESIAN_POINT('',(65.698,-166.5,0.));
#177 = CIRCLE('',#178,0.6);
#178 = AXIS2_PLACEMENT_3D('',#179,#180,#181);
#179 = CARTESIAN_POINT('',(65.698,-165.9,0.));
#180 = DIRECTION('',(-0.,0.,-1.));
#181 = DIRECTION('',(-2.368475785867E-14,-1.,0.));
#182 = FACE_BOUND('',#183,.F.);
#183 = EDGE_LOOP('',(#184));
#184 = ORIENTED_EDGE('',*,*,#185,.T.);
#185 = EDGE_CURVE('',#186,#186,#188,.T.);
#186 = VERTEX_POINT('',#187);
#187 = CARTESIAN_POINT('',(65.698,-161.725,0.));
#188 = CIRCLE('',#189,1.725);
#189 = AXIS2_PLACEMENT_3D('',#190,#191,#192);
#190 = CARTESIAN_POINT('',(65.698,-160.,0.));
#191 = DIRECTION('',(-0.,0.,-1.));
#192 = DIRECTION('',(-8.238176646494E-15,-1.,0.));
#193 = FACE_BOUND('',#194,.F.);
#194 = EDGE_LOOP('',(#195));
#195 = ORIENTED_EDGE('',*,*,#196,.T.);
#196 = EDGE_CURVE('',#197,#197,#199,.T.);
#197 = VERTEX_POINT('',#198);
#198 = CARTESIAN_POINT('',(71.198,-160.95,0.));
#199 = CIRCLE('',#200,0.95);
#200 = AXIS2_PLACEMENT_3D('',#201,#202,#203);
#201 = CARTESIAN_POINT('',(71.198,-160.,0.));
#202 = DIRECTION('',(-0.,0.,-1.));
#203 = DIRECTION('',(-1.495879443705E-14,-1.,0.));
#204 = FACE_BOUND('',#205,.F.);
#205 = EDGE_LOOP('',(#206));
#206 = ORIENTED_EDGE('',*,*,#207,.T.);
#207 = EDGE_CURVE('',#208,#208,#210,.T.);
#208 = VERTEX_POINT('',#209);
#209 = CARTESIAN_POINT('',(56.73,-146.5,0.));
#210 = CIRCLE('',#211,0.6);
#211 = AXIS2_PLACEMENT_3D('',#212,#213,#214);
#212 = CARTESIAN_POINT('',(56.73,-145.9,0.));
#213 = DIRECTION('',(-0.,0.,-1.));
#214 = DIRECTION('',(-1.184237892933E-14,-1.,0.));
#215 = FACE_BOUND('',#216,.F.);
#216 = EDGE_LOOP('',(#217));
#217 = ORIENTED_EDGE('',*,*,#218,.T.);
#218 = EDGE_CURVE('',#219,#219,#221,.T.);
#219 = VERTEX_POINT('',#220);
#220 = CARTESIAN_POINT('',(75.438,-146.5,0.));
#221 = CIRCLE('',#222,0.6);
#222 = AXIS2_PLACEMENT_3D('',#223,#224,#225);
#223 = CARTESIAN_POINT('',(75.438,-145.9,0.));
#224 = DIRECTION('',(-0.,0.,-1.));
#225 = DIRECTION('',(2.368475785867E-14,-1.,-0.));
#226 = FACE_BOUND('',#227,.F.);
#227 = EDGE_LOOP('',(#228));
#228 = ORIENTED_EDGE('',*,*,#229,.T.);
#229 = EDGE_CURVE('',#230,#230,#232,.T.);
#230 = VERTEX_POINT('',#231);
#231 = CARTESIAN_POINT('',(89.146,-164.4,0.));
#232 = CIRCLE('',#233,0.6);
#233 = AXIS2_PLACEMENT_3D('',#234,#235,#236);
#234 = CARTESIAN_POINT('',(89.146,-163.8,0.));
#235 = DIRECTION('',(-0.,0.,-1.));
#236 = DIRECTION('',(-0.,-1.,0.));
#237 = FACE_BOUND('',#238,.F.);
#238 = EDGE_LOOP('',(#239));
#239 = ORIENTED_EDGE('',*,*,#240,.T.);
#240 = EDGE_CURVE('',#241,#241,#243,.T.);
#241 = VERTEX_POINT('',#242);
#242 = CARTESIAN_POINT('',(88.646,-160.95,0.));
#243 = CIRCLE('',#244,0.95);
#244 = AXIS2_PLACEMENT_3D('',#245,#246,#247);
#245 = CARTESIAN_POINT('',(88.646,-160.,0.));
#246 = DIRECTION('',(-0.,0.,-1.));
#247 = DIRECTION('',(-0.,-1.,0.));
#248 = FACE_BOUND('',#249,.F.);
#249 = EDGE_LOOP('',(#250));
#250 = ORIENTED_EDGE('',*,*,#251,.T.);
#251 = EDGE_CURVE('',#252,#252,#254,.T.);
#252 = VERTEX_POINT('',#253);
#253 = CARTESIAN_POINT('',(94.146,-166.5,0.));
#254 = CIRCLE('',#255,0.6);
#255 = AXIS2_PLACEMENT_3D('',#256,#257,#258);
#256 = CARTESIAN_POINT('',(94.146,-165.9,0.));
#257 = DIRECTION('',(-0.,0.,-1.));
#258 = DIRECTION('',(-0.,-1.,0.));
#259 = FACE_BOUND('',#260,.F.);
#260 = EDGE_LOOP('',(#261));
#261 = ORIENTED_EDGE('',*,*,#262,.T.);
#262 = EDGE_CURVE('',#263,#263,#265,.T.);
#263 = VERTEX_POINT('',#264);
#264 = CARTESIAN_POINT('',(94.146,-161.725,0.));
#265 = CIRCLE('',#266,1.725);
#266 = AXIS2_PLACEMENT_3D('',#267,#268,#269);
#267 = CARTESIAN_POINT('',(94.146,-160.,0.));
#268 = DIRECTION('',(-0.,0.,-1.));
#269 = DIRECTION('',(-0.,-1.,0.));
#270 = FACE_BOUND('',#271,.F.);
#271 = EDGE_LOOP('',(#272));
#272 = ORIENTED_EDGE('',*,*,#273,.T.);
#273 = EDGE_CURVE('',#274,#274,#276,.T.);
#274 = VERTEX_POINT('',#275);
#275 = CARTESIAN_POINT('',(99.646,-160.95,0.));
#276 = CIRCLE('',#277,0.95);
#277 = AXIS2_PLACEMENT_3D('',#278,#279,#280);
#278 = CARTESIAN_POINT('',(99.646,-160.,0.));
#279 = DIRECTION('',(-0.,0.,-1.));
#280 = DIRECTION('',(-0.,-1.,0.));
#281 = FACE_BOUND('',#282,.F.);
#282 = EDGE_LOOP('',(#283));
#283 = ORIENTED_EDGE('',*,*,#284,.T.);
#284 = EDGE_CURVE('',#285,#285,#287,.T.);
#285 = VERTEX_POINT('',#286);
#286 = CARTESIAN_POINT('',(94.234,-146.5,0.));
#287 = CIRCLE('',#288,0.6);
#288 = AXIS2_PLACEMENT_3D('',#289,#290,#291);
#289 = CARTESIAN_POINT('',(94.234,-145.9,0.));
#290 = DIRECTION('',(-0.,0.,-1.));
#291 = DIRECTION('',(-2.368475785867E-14,-1.,0.));
#292 = FACE_BOUND('',#293,.F.);
#293 = EDGE_LOOP('',(#294));
#294 = ORIENTED_EDGE('',*,*,#295,.T.);
#295 = EDGE_CURVE('',#296,#296,#298,.T.);
#296 = VERTEX_POINT('',#297);
#297 = CARTESIAN_POINT('',(51.73,-144.4,0.));
#298 = CIRCLE('',#299,0.6);
#299 = AXIS2_PLACEMENT_3D('',#300,#301,#302);
#300 = CARTESIAN_POINT('',(51.73,-143.8,0.));
#301 = DIRECTION('',(-0.,0.,-1.));
#302 = DIRECTION('',(-1.184237892934E-14,-1.,0.));
#303 = FACE_BOUND('',#304,.F.);
#304 = EDGE_LOOP('',(#305));
#305 = ORIENTED_EDGE('',*,*,#306,.T.);
#306 = EDGE_CURVE('',#307,#307,#309,.T.);
#307 = VERTEX_POINT('',#308);
#308 = CARTESIAN_POINT('',(51.23,-140.95,0.));
#309 = CIRCLE('',#310,0.95);
#310 = AXIS2_PLACEMENT_3D('',#311,#312,#313);
#311 = CARTESIAN_POINT('',(51.23,-140.,0.));
#312 = DIRECTION('',(-0.,0.,-1.));
#313 = DIRECTION('',(-7.479397218527E-15,-1.,0.));
#314 = FACE_BOUND('',#315,.F.);
#315 = EDGE_LOOP('',(#316));
#316 = ORIENTED_EDGE('',*,*,#317,.T.);
#317 = EDGE_CURVE('',#318,#318,#320,.T.);
#318 = VERTEX_POINT('',#319);
#319 = CARTESIAN_POINT('',(56.73,-141.725,0.));
#320 = CIRCLE('',#321,1.725);
#321 = AXIS2_PLACEMENT_3D('',#322,#323,#324);
#322 = CARTESIAN_POINT('',(56.73,-140.,0.));
#323 = DIRECTION('',(-0.,0.,-1.));
#324 = DIRECTION('',(-4.119088323247E-15,-1.,0.));
#325 = FACE_BOUND('',#326,.F.);
#326 = EDGE_LOOP('',(#327));
#327 = ORIENTED_EDGE('',*,*,#328,.T.);
#328 = EDGE_CURVE('',#329,#329,#331,.T.);
#329 = VERTEX_POINT('',#330);
#330 = CARTESIAN_POINT('',(62.23,-140.95,0.));
#331 = CIRCLE('',#332,0.95);
#332 = AXIS2_PLACEMENT_3D('',#333,#334,#335);
#333 = CARTESIAN_POINT('',(62.23,-140.,0.));
#334 = DIRECTION('',(-0.,0.,-1.));
#335 = DIRECTION('',(-7.479397218527E-15,-1.,0.));
#336 = FACE_BOUND('',#337,.F.);
#337 = EDGE_LOOP('',(#338));
#338 = ORIENTED_EDGE('',*,*,#339,.T.);
#339 = EDGE_CURVE('',#340,#340,#342,.T.);
#340 = VERTEX_POINT('',#341);
#341 = CARTESIAN_POINT('',(69.938,-140.95,0.));
#342 = CIRCLE('',#343,0.95);
#343 = AXIS2_PLACEMENT_3D('',#344,#345,#346);
#344 = CARTESIAN_POINT('',(69.938,-140.,0.));
#345 = DIRECTION('',(-0.,0.,-1.));
#346 = DIRECTION('',(-0.,-1.,0.));
#347 = FACE_BOUND('',#348,.F.);
#348 = EDGE_LOOP('',(#349));
#349 = ORIENTED_EDGE('',*,*,#350,.T.);
#350 = EDGE_CURVE('',#351,#351,#353,.T.);
#351 = VERTEX_POINT('',#352);
#352 = CARTESIAN_POINT('',(70.438,-144.4,0.));
#353 = CIRCLE('',#354,0.6);
#354 = AXIS2_PLACEMENT_3D('',#355,#356,#357);
#355 = CARTESIAN_POINT('',(70.438,-143.8,0.));
#356 = DIRECTION('',(-0.,0.,-1.));
#357 = DIRECTION('',(2.368475785867E-14,-1.,-0.));
#358 = FACE_BOUND('',#359,.F.);
#359 = EDGE_LOOP('',(#360));
#360 = ORIENTED_EDGE('',*,*,#361,.T.);
#361 = EDGE_CURVE('',#362,#362,#364,.T.);
#362 = VERTEX_POINT('',#363);
#363 = CARTESIAN_POINT('',(75.438,-141.725,0.));
#364 = CIRCLE('',#365,1.725);
#365 = AXIS2_PLACEMENT_3D('',#366,#367,#368);
#366 = CARTESIAN_POINT('',(75.438,-140.,0.));
#367 = DIRECTION('',(-0.,0.,-1.));
#368 = DIRECTION('',(8.238176646494E-15,-1.,-0.));
#369 = FACE_BOUND('',#370,.F.);
#370 = EDGE_LOOP('',(#371));
#371 = ORIENTED_EDGE('',*,*,#372,.T.);
#372 = EDGE_CURVE('',#373,#373,#375,.T.);
#373 = VERTEX_POINT('',#374);
#374 = CARTESIAN_POINT('',(56.73,-126.5,0.));
#375 = CIRCLE('',#376,0.6);
#376 = AXIS2_PLACEMENT_3D('',#377,#378,#379);
#377 = CARTESIAN_POINT('',(56.73,-125.9,0.));
#378 = DIRECTION('',(-0.,0.,-1.));
#379 = DIRECTION('',(-1.184237892934E-14,-1.,0.));
#380 = FACE_BOUND('',#381,.F.);
#381 = EDGE_LOOP('',(#382));
#382 = ORIENTED_EDGE('',*,*,#383,.T.);
#383 = EDGE_CURVE('',#384,#384,#386,.T.);
#384 = VERTEX_POINT('',#385);
#385 = CARTESIAN_POINT('',(51.73,-124.4,0.));
#386 = CIRCLE('',#387,0.6);
#387 = AXIS2_PLACEMENT_3D('',#388,#389,#390);
#388 = CARTESIAN_POINT('',(51.73,-123.8,0.));
#389 = DIRECTION('',(-0.,0.,-1.));
#390 = DIRECTION('',(-1.184237892933E-14,-1.,0.));
#391 = FACE_BOUND('',#392,.F.);
#392 = EDGE_LOOP('',(#393));
#393 = ORIENTED_EDGE('',*,*,#394,.T.);
#394 = EDGE_CURVE('',#395,#395,#397,.T.);
#395 = VERTEX_POINT('',#396);
#396 = CARTESIAN_POINT('',(75.438,-126.5,0.));
#397 = CIRCLE('',#398,0.6);
#398 = AXIS2_PLACEMENT_3D('',#399,#400,#401);
#399 = CARTESIAN_POINT('',(75.438,-125.9,0.));
#400 = DIRECTION('',(-0.,0.,-1.));
#401 = DIRECTION('',(2.368475785867E-14,-1.,-0.));
#402 = FACE_BOUND('',#403,.F.);
#403 = EDGE_LOOP('',(#404));
#404 = ORIENTED_EDGE('',*,*,#405,.T.);
#405 = EDGE_CURVE('',#406,#406,#408,.T.);
#406 = VERTEX_POINT('',#407);
#407 = CARTESIAN_POINT('',(70.438,-124.4,0.));
#408 = CIRCLE('',#409,0.6);
#409 = AXIS2_PLACEMENT_3D('',#410,#411,#412);
#410 = CARTESIAN_POINT('',(70.438,-123.8,0.));
#411 = DIRECTION('',(-0.,0.,-1.));
#412 = DIRECTION('',(2.368475785867E-14,-1.,-0.));
#413 = FACE_BOUND('',#414,.F.);
#414 = EDGE_LOOP('',(#415));
#415 = ORIENTED_EDGE('',*,*,#416,.T.);
#416 = EDGE_CURVE('',#417,#417,#419,.T.);
#417 = VERTEX_POINT('',#418);
#418 = CARTESIAN_POINT('',(80.938,-140.95,0.));
#419 = CIRCLE('',#420,0.95);
#420 = AXIS2_PLACEMENT_3D('',#421,#422,#423);
#421 = CARTESIAN_POINT('',(80.938,-140.,0.));
#422 = DIRECTION('',(-0.,0.,-1.));
#423 = DIRECTION('',(-0.,-1.,0.));
#424 = FACE_BOUND('',#425,.F.);
#425 = EDGE_LOOP('',(#426));
#426 = ORIENTED_EDGE('',*,*,#427,.T.);
#427 = EDGE_CURVE('',#428,#428,#430,.T.);
#428 = VERTEX_POINT('',#429);
#429 = CARTESIAN_POINT('',(89.234,-144.4,0.));
#430 = CIRCLE('',#431,0.6);
#431 = AXIS2_PLACEMENT_3D('',#432,#433,#434);
#432 = CARTESIAN_POINT('',(89.234,-143.8,0.));
#433 = DIRECTION('',(-0.,0.,-1.));
#434 = DIRECTION('',(-2.368475785867E-14,-1.,0.));
#435 = FACE_BOUND('',#436,.F.);
#436 = EDGE_LOOP('',(#437));
#437 = ORIENTED_EDGE('',*,*,#438,.T.);
#438 = EDGE_CURVE('',#439,#439,#441,.T.);
#439 = VERTEX_POINT('',#440);
#440 = CARTESIAN_POINT('',(88.734,-140.95,0.));
#441 = CIRCLE('',#442,0.95);
#442 = AXIS2_PLACEMENT_3D('',#443,#444,#445);
#443 = CARTESIAN_POINT('',(88.734,-140.,0.));
#444 = DIRECTION('',(-0.,0.,-1.));
#445 = DIRECTION('',(-1.495879443705E-14,-1.,0.));
#446 = FACE_BOUND('',#447,.F.);
#447 = EDGE_LOOP('',(#448));
#448 = ORIENTED_EDGE('',*,*,#449,.T.);
#449 = EDGE_CURVE('',#450,#450,#452,.T.);
#450 = VERTEX_POINT('',#451);
#451 = CARTESIAN_POINT('',(94.234,-141.725,0.));
#452 = CIRCLE('',#453,1.725);
#453 = AXIS2_PLACEMENT_3D('',#454,#455,#456);
#454 = CARTESIAN_POINT('',(94.234,-140.,0.));
#455 = DIRECTION('',(-0.,0.,-1.));
#456 = DIRECTION('',(-8.238176646494E-15,-1.,0.));
#457 = FACE_BOUND('',#458,.F.);
#458 = EDGE_LOOP('',(#459));
#459 = ORIENTED_EDGE('',*,*,#460,.T.);
#460 = EDGE_CURVE('',#461,#461,#463,.T.);
#461 = VERTEX_POINT('',#462);
#462 = CARTESIAN_POINT('',(99.734,-140.95,0.));
#463 = CIRCLE('',#464,0.95);
#464 = AXIS2_PLACEMENT_3D('',#465,#466,#467);
#465 = CARTESIAN_POINT('',(99.734,-140.,0.));
#466 = DIRECTION('',(-0.,0.,-1.));
#467 = DIRECTION('',(-1.495879443705E-14,-1.,0.));
#468 = FACE_BOUND('',#469,.F.);
#469 = EDGE_LOOP('',(#470));
#470 = ORIENTED_EDGE('',*,*,#471,.T.);
#471 = EDGE_CURVE('',#472,#472,#474,.T.);
#472 = VERTEX_POINT('',#473);
#473 = CARTESIAN_POINT('',(89.146,-124.4,0.));
#474 = CIRCLE('',#475,0.6);
#475 = AXIS2_PLACEMENT_3D('',#476,#477,#478);
#476 = CARTESIAN_POINT('',(89.146,-123.8,0.));
#477 = DIRECTION('',(-0.,0.,-1.));
#478 = DIRECTION('',(-0.,-1.,0.));
#479 = FACE_BOUND('',#480,.F.);
#480 = EDGE_LOOP('',(#481));
#481 = ORIENTED_EDGE('',*,*,#482,.T.);
#482 = EDGE_CURVE('',#483,#483,#485,.T.);
#483 = VERTEX_POINT('',#484);
#484 = CARTESIAN_POINT('',(94.146,-126.5,0.));
#485 = CIRCLE('',#486,0.6);
#486 = AXIS2_PLACEMENT_3D('',#487,#488,#489);
#487 = CARTESIAN_POINT('',(94.146,-125.9,0.));
#488 = DIRECTION('',(-0.,0.,-1.));
#489 = DIRECTION('',(-0.,-1.,0.));
#490 = FACE_BOUND('',#491,.F.);
#491 = EDGE_LOOP('',(#492));
#492 = ORIENTED_EDGE('',*,*,#493,.T.);
#493 = EDGE_CURVE('',#494,#494,#496,.T.);
#494 = VERTEX_POINT('',#495);
#495 = CARTESIAN_POINT('',(108.03,-164.4,0.));
#496 = CIRCLE('',#497,0.6);
#497 = AXIS2_PLACEMENT_3D('',#498,#499,#500);
#498 = CARTESIAN_POINT('',(108.03,-163.8,0.));
#499 = DIRECTION('',(-0.,0.,-1.));
#500 = DIRECTION('',(-0.,-1.,0.));
#501 = FACE_BOUND('',#502,.F.);
#502 = EDGE_LOOP('',(#503));
#503 = ORIENTED_EDGE('',*,*,#504,.T.);
#504 = EDGE_CURVE('',#505,#505,#507,.T.);
#505 = VERTEX_POINT('',#506);
#506 = CARTESIAN_POINT('',(113.03,-166.5,0.));
#507 = CIRCLE('',#508,0.6);
#508 = AXIS2_PLACEMENT_3D('',#509,#510,#511);
#509 = CARTESIAN_POINT('',(113.03,-165.9,0.));
#510 = DIRECTION('',(-0.,0.,-1.));
#511 = DIRECTION('',(-0.,-1.,0.));
#512 = FACE_BOUND('',#513,.F.);
#513 = EDGE_LOOP('',(#514));
#514 = ORIENTED_EDGE('',*,*,#515,.T.);
#515 = EDGE_CURVE('',#516,#516,#518,.T.);
#516 = VERTEX_POINT('',#517);
#517 = CARTESIAN_POINT('',(107.53,-160.95,0.));
#518 = CIRCLE('',#519,0.95);
#519 = AXIS2_PLACEMENT_3D('',#520,#521,#522);
#520 = CARTESIAN_POINT('',(107.53,-160.,0.));
#521 = DIRECTION('',(-0.,0.,-1.));
#522 = DIRECTION('',(-0.,-1.,0.));
#523 = FACE_BOUND('',#524,.F.);
#524 = EDGE_LOOP('',(#525));
#525 = ORIENTED_EDGE('',*,*,#526,.T.);
#526 = EDGE_CURVE('',#527,#527,#529,.T.);
#527 = VERTEX_POINT('',#528);
#528 = CARTESIAN_POINT('',(113.03,-161.725,0.));
#529 = CIRCLE('',#530,1.725);
#530 = AXIS2_PLACEMENT_3D('',#531,#532,#533);
#531 = CARTESIAN_POINT('',(113.03,-160.,0.));
#532 = DIRECTION('',(-0.,0.,-1.));
#533 = DIRECTION('',(-0.,-1.,0.));
#534 = FACE_BOUND('',#535,.F.);
#535 = EDGE_LOOP('',(#536));
#536 = ORIENTED_EDGE('',*,*,#537,.T.);
#537 = EDGE_CURVE('',#538,#538,#540,.T.);
#538 = VERTEX_POINT('',#539);
#539 = CARTESIAN_POINT('',(126.826,-164.4,0.));
#540 = CIRCLE('',#541,0.6);
#541 = AXIS2_PLACEMENT_3D('',#542,#543,#544);
#542 = CARTESIAN_POINT('',(126.826,-163.8,0.));
#543 = DIRECTION('',(-0.,0.,-1.));
#544 = DIRECTION('',(-0.,-1.,0.));
#545 = FACE_BOUND('',#546,.F.);
#546 = EDGE_LOOP('',(#547));
#547 = ORIENTED_EDGE('',*,*,#548,.T.);
#548 = EDGE_CURVE('',#549,#549,#551,.T.);
#549 = VERTEX_POINT('',#550);
#550 = CARTESIAN_POINT('',(118.53,-160.95,0.));
#551 = CIRCLE('',#552,0.95);
#552 = AXIS2_PLACEMENT_3D('',#553,#554,#555);
#553 = CARTESIAN_POINT('',(118.53,-160.,0.));
#554 = DIRECTION('',(-0.,0.,-1.));
#555 = DIRECTION('',(-0.,-1.,0.));
#556 = FACE_BOUND('',#557,.F.);
#557 = EDGE_LOOP('',(#558));
#558 = ORIENTED_EDGE('',*,*,#559,.T.);
#559 = EDGE_CURVE('',#560,#560,#562,.T.);
#560 = VERTEX_POINT('',#561);
#561 = CARTESIAN_POINT('',(126.326,-160.95,0.));
#562 = CIRCLE('',#563,0.95);
#563 = AXIS2_PLACEMENT_3D('',#564,#565,#566);
#564 = CARTESIAN_POINT('',(126.326,-160.,0.));
#565 = DIRECTION('',(-0.,0.,-1.));
#566 = DIRECTION('',(-0.,-1.,0.));
#567 = FACE_BOUND('',#568,.F.);
#568 = EDGE_LOOP('',(#569));
#569 = ORIENTED_EDGE('',*,*,#570,.T.);
#570 = EDGE_CURVE('',#571,#571,#573,.T.);
#571 = VERTEX_POINT('',#572);
#572 = CARTESIAN_POINT('',(112.864,-146.5,0.));
#573 = CIRCLE('',#574,0.6);
#574 = AXIS2_PLACEMENT_3D('',#575,#576,#577);
#575 = CARTESIAN_POINT('',(112.864,-145.9,0.));
#576 = DIRECTION('',(-0.,0.,-1.));
#577 = DIRECTION('',(-0.,-1.,0.));
#578 = FACE_BOUND('',#579,.F.);
#579 = EDGE_LOOP('',(#580));
#580 = ORIENTED_EDGE('',*,*,#581,.T.);
#581 = EDGE_CURVE('',#582,#582,#584,.T.);
#582 = VERTEX_POINT('',#583);
#583 = CARTESIAN_POINT('',(131.826,-166.5,0.));
#584 = CIRCLE('',#585,0.6);
#585 = AXIS2_PLACEMENT_3D('',#586,#587,#588);
#586 = CARTESIAN_POINT('',(131.826,-165.9,0.));
#587 = DIRECTION('',(-0.,0.,-1.));
#588 = DIRECTION('',(-0.,-1.,0.));
#589 = FACE_BOUND('',#590,.F.);
#590 = EDGE_LOOP('',(#591));
#591 = ORIENTED_EDGE('',*,*,#592,.T.);
#592 = EDGE_CURVE('',#593,#593,#595,.T.);
#593 = VERTEX_POINT('',#594);
#594 = CARTESIAN_POINT('',(131.826,-161.725,0.));
#595 = CIRCLE('',#596,1.725);
#596 = AXIS2_PLACEMENT_3D('',#597,#598,#599);
#597 = CARTESIAN_POINT('',(131.826,-160.,0.));
#598 = DIRECTION('',(-0.,0.,-1.));
#599 = DIRECTION('',(-0.,-1.,0.));
#600 = FACE_BOUND('',#601,.F.);
#601 = EDGE_LOOP('',(#602));
#602 = ORIENTED_EDGE('',*,*,#603,.T.);
#603 = EDGE_CURVE('',#604,#604,#606,.T.);
#604 = VERTEX_POINT('',#605);
#605 = CARTESIAN_POINT('',(137.326,-160.95,0.));
#606 = CIRCLE('',#607,0.95);
#607 = AXIS2_PLACEMENT_3D('',#608,#609,#610);
#608 = CARTESIAN_POINT('',(137.326,-160.,0.));
#609 = DIRECTION('',(-0.,0.,-1.));
#610 = DIRECTION('',(-2.991758887411E-14,-1.,0.));
#611 = FACE_BOUND('',#612,.F.);
#612 = EDGE_LOOP('',(#613));
#613 = ORIENTED_EDGE('',*,*,#614,.T.);
#614 = EDGE_CURVE('',#615,#615,#617,.T.);
#615 = VERTEX_POINT('',#616);
#616 = CARTESIAN_POINT('',(145.368,-164.4,0.));
#617 = CIRCLE('',#618,0.6);
#618 = AXIS2_PLACEMENT_3D('',#619,#620,#621);
#619 = CARTESIAN_POINT('',(145.368,-163.8,0.));
#620 = DIRECTION('',(-0.,0.,-1.));
#621 = DIRECTION('',(-0.,-1.,0.));
#622 = FACE_BOUND('',#623,.F.);
#623 = EDGE_LOOP('',(#624));
#624 = ORIENTED_EDGE('',*,*,#625,.T.);
#625 = EDGE_CURVE('',#626,#626,#628,.T.);
#626 = VERTEX_POINT('',#627);
#627 = CARTESIAN_POINT('',(150.368,-166.5,0.));
#628 = CIRCLE('',#629,0.6);
#629 = AXIS2_PLACEMENT_3D('',#630,#631,#632);
#630 = CARTESIAN_POINT('',(150.368,-165.9,0.));
#631 = DIRECTION('',(-0.,0.,-1.));
#632 = DIRECTION('',(-0.,-1.,0.));
#633 = FACE_BOUND('',#634,.F.);
#634 = EDGE_LOOP('',(#635));
#635 = ORIENTED_EDGE('',*,*,#636,.T.);
#636 = EDGE_CURVE('',#637,#637,#639,.T.);
#637 = VERTEX_POINT('',#638);
#638 = CARTESIAN_POINT('',(144.868,-160.95,0.));
#639 = CIRCLE('',#640,0.95);
#640 = AXIS2_PLACEMENT_3D('',#641,#642,#643);
#641 = CARTESIAN_POINT('',(144.868,-160.,0.));
#642 = DIRECTION('',(-0.,0.,-1.));
#643 = DIRECTION('',(-0.,-1.,0.));
#644 = FACE_BOUND('',#645,.F.);
#645 = EDGE_LOOP('',(#646));
#646 = ORIENTED_EDGE('',*,*,#647,.T.);
#647 = EDGE_CURVE('',#648,#648,#650,.T.);
#648 = VERTEX_POINT('',#649);
#649 = CARTESIAN_POINT('',(150.368,-161.725,0.));
#650 = CIRCLE('',#651,1.725);
#651 = AXIS2_PLACEMENT_3D('',#652,#653,#654);
#652 = CARTESIAN_POINT('',(150.368,-160.,0.));
#653 = DIRECTION('',(-0.,0.,-1.));
#654 = DIRECTION('',(-0.,-1.,0.));
#655 = FACE_BOUND('',#656,.F.);
#656 = EDGE_LOOP('',(#657));
#657 = ORIENTED_EDGE('',*,*,#658,.T.);
#658 = EDGE_CURVE('',#659,#659,#661,.T.);
#659 = VERTEX_POINT('',#660);
#660 = CARTESIAN_POINT('',(155.868,-160.95,0.));
#661 = CIRCLE('',#662,0.95);
#662 = AXIS2_PLACEMENT_3D('',#663,#664,#665);
#663 = CARTESIAN_POINT('',(155.868,-160.,0.));
#664 = DIRECTION('',(-0.,0.,-1.));
#665 = DIRECTION('',(-0.,-1.,0.));
#666 = FACE_BOUND('',#667,.F.);
#667 = EDGE_LOOP('',(#668));
#668 = ORIENTED_EDGE('',*,*,#669,.T.);
#669 = EDGE_CURVE('',#670,#670,#672,.T.);
#670 = VERTEX_POINT('',#671);
#671 = CARTESIAN_POINT('',(131.66,-146.5,0.));
#672 = CIRCLE('',#673,0.6);
#673 = AXIS2_PLACEMENT_3D('',#674,#675,#676);
#674 = CARTESIAN_POINT('',(131.66,-145.9,0.));
#675 = DIRECTION('',(-0.,0.,-1.));
#676 = DIRECTION('',(-0.,-1.,0.));
#677 = FACE_BOUND('',#678,.F.);
#678 = EDGE_LOOP('',(#679));
#679 = ORIENTED_EDGE('',*,*,#680,.T.);
#680 = EDGE_CURVE('',#681,#681,#683,.T.);
#681 = VERTEX_POINT('',#682);
#682 = CARTESIAN_POINT('',(150.28,-146.5,0.));
#683 = CIRCLE('',#684,0.6);
#684 = AXIS2_PLACEMENT_3D('',#685,#686,#687);
#685 = CARTESIAN_POINT('',(150.28,-145.9,0.));
#686 = DIRECTION('',(-0.,0.,-1.));
#687 = DIRECTION('',(-0.,-1.,0.));
#688 = FACE_BOUND('',#689,.F.);
#689 = EDGE_LOOP('',(#690));
#690 = ORIENTED_EDGE('',*,*,#691,.T.);
#691 = EDGE_CURVE('',#692,#692,#694,.T.);
#692 = VERTEX_POINT('',#693);
#693 = CARTESIAN_POINT('',(107.864,-144.4,0.));
#694 = CIRCLE('',#695,0.6);
#695 = AXIS2_PLACEMENT_3D('',#696,#697,#698);
#696 = CARTESIAN_POINT('',(107.864,-143.8,0.));
#697 = DIRECTION('',(-0.,0.,-1.));
#698 = DIRECTION('',(-0.,-1.,0.));
#699 = FACE_BOUND('',#700,.F.);
#700 = EDGE_LOOP('',(#701));
#701 = ORIENTED_EDGE('',*,*,#702,.T.);
#702 = EDGE_CURVE('',#703,#703,#705,.T.);
#703 = VERTEX_POINT('',#704);
#704 = CARTESIAN_POINT('',(107.364,-140.95,0.));
#705 = CIRCLE('',#706,0.95);
#706 = AXIS2_PLACEMENT_3D('',#707,#708,#709);
#707 = CARTESIAN_POINT('',(107.364,-140.,0.));
#708 = DIRECTION('',(-0.,0.,-1.));
#709 = DIRECTION('',(-0.,-1.,0.));
#710 = FACE_BOUND('',#711,.F.);
#711 = EDGE_LOOP('',(#712));
#712 = ORIENTED_EDGE('',*,*,#713,.T.);
#713 = EDGE_CURVE('',#714,#714,#716,.T.);
#714 = VERTEX_POINT('',#715);
#715 = CARTESIAN_POINT('',(112.864,-141.725,0.));
#716 = CIRCLE('',#717,1.725);
#717 = AXIS2_PLACEMENT_3D('',#718,#719,#720);
#718 = CARTESIAN_POINT('',(112.864,-140.,0.));
#719 = DIRECTION('',(-0.,0.,-1.));
#720 = DIRECTION('',(-0.,-1.,0.));
#721 = FACE_BOUND('',#722,.F.);
#722 = EDGE_LOOP('',(#723));
#723 = ORIENTED_EDGE('',*,*,#724,.T.);
#724 = EDGE_CURVE('',#725,#725,#727,.T.);
#725 = VERTEX_POINT('',#726);
#726 = CARTESIAN_POINT('',(118.364,-140.95,0.));
#727 = CIRCLE('',#728,0.95);
#728 = AXIS2_PLACEMENT_3D('',#729,#730,#731);
#729 = CARTESIAN_POINT('',(118.364,-140.,0.));
#730 = DIRECTION('',(-0.,0.,-1.));
#731 = DIRECTION('',(-0.,-1.,0.));
#732 = FACE_BOUND('',#733,.F.);
#733 = EDGE_LOOP('',(#734));
#734 = ORIENTED_EDGE('',*,*,#735,.T.);
#735 = EDGE_CURVE('',#736,#736,#738,.T.);
#736 = VERTEX_POINT('',#737);
#737 = CARTESIAN_POINT('',(126.66,-144.4,0.));
#738 = CIRCLE('',#739,0.6);
#739 = AXIS2_PLACEMENT_3D('',#740,#741,#742);
#740 = CARTESIAN_POINT('',(126.66,-143.8,0.));
#741 = DIRECTION('',(-0.,0.,-1.));
#742 = DIRECTION('',(-0.,-1.,0.));
#743 = FACE_BOUND('',#744,.F.);
#744 = EDGE_LOOP('',(#745));
#745 = ORIENTED_EDGE('',*,*,#746,.T.);
#746 = EDGE_CURVE('',#747,#747,#749,.T.);
#747 = VERTEX_POINT('',#748);
#748 = CARTESIAN_POINT('',(126.16,-140.95,0.));
#749 = CIRCLE('',#750,0.95);
#750 = AXIS2_PLACEMENT_3D('',#751,#752,#753);
#751 = CARTESIAN_POINT('',(126.16,-140.,0.));
#752 = DIRECTION('',(-0.,0.,-1.));
#753 = DIRECTION('',(-0.,-1.,0.));
#754 = FACE_BOUND('',#755,.F.);
#755 = EDGE_LOOP('',(#756));
#756 = ORIENTED_EDGE('',*,*,#757,.T.);
#757 = EDGE_CURVE('',#758,#758,#760,.T.);
#758 = VERTEX_POINT('',#759);
#759 = CARTESIAN_POINT('',(107.776,-124.4,0.));
#760 = CIRCLE('',#761,0.6);
#761 = AXIS2_PLACEMENT_3D('',#762,#763,#764);
#762 = CARTESIAN_POINT('',(107.776,-123.8,0.));
#763 = DIRECTION('',(-0.,0.,-1.));
#764 = DIRECTION('',(-2.368475785867E-14,-1.,0.));
#765 = FACE_BOUND('',#766,.F.);
#766 = EDGE_LOOP('',(#767));
#767 = ORIENTED_EDGE('',*,*,#768,.T.);
#768 = EDGE_CURVE('',#769,#769,#771,.T.);
#769 = VERTEX_POINT('',#770);
#770 = CARTESIAN_POINT('',(112.776,-126.5,0.));
#771 = CIRCLE('',#772,0.6);
#772 = AXIS2_PLACEMENT_3D('',#773,#774,#775);
#773 = CARTESIAN_POINT('',(112.776,-125.9,0.));
#774 = DIRECTION('',(-0.,0.,-1.));
#775 = DIRECTION('',(-2.368475785867E-14,-1.,0.));
#776 = FACE_BOUND('',#777,.F.);
#777 = EDGE_LOOP('',(#778));
#778 = ORIENTED_EDGE('',*,*,#779,.T.);
#779 = EDGE_CURVE('',#780,#780,#782,.T.);
#780 = VERTEX_POINT('',#781);
#781 = CARTESIAN_POINT('',(126.572,-124.4,0.));
#782 = CIRCLE('',#783,0.6);
#783 = AXIS2_PLACEMENT_3D('',#784,#785,#786);
#784 = CARTESIAN_POINT('',(126.572,-123.8,0.));
#785 = DIRECTION('',(-0.,0.,-1.));
#786 = DIRECTION('',(-0.,-1.,0.));
#787 = FACE_BOUND('',#788,.F.);
#788 = EDGE_LOOP('',(#789));
#789 = ORIENTED_EDGE('',*,*,#790,.T.);
#790 = EDGE_CURVE('',#791,#791,#793,.T.);
#791 = VERTEX_POINT('',#792);
#792 = CARTESIAN_POINT('',(131.66,-141.725,0.));
#793 = CIRCLE('',#794,1.725);
#794 = AXIS2_PLACEMENT_3D('',#795,#796,#797);
#795 = CARTESIAN_POINT('',(131.66,-140.,0.));
#796 = DIRECTION('',(-0.,0.,-1.));
#797 = DIRECTION('',(-0.,-1.,0.));
#798 = FACE_BOUND('',#799,.F.);
#799 = EDGE_LOOP('',(#800));
#800 = ORIENTED_EDGE('',*,*,#801,.T.);
#801 = EDGE_CURVE('',#802,#802,#804,.T.);
#802 = VERTEX_POINT('',#803);
#803 = CARTESIAN_POINT('',(137.16,-140.95,0.));
#804 = CIRCLE('',#805,0.95);
#805 = AXIS2_PLACEMENT_3D('',#806,#807,#808);
#806 = CARTESIAN_POINT('',(137.16,-140.,0.));
#807 = DIRECTION('',(-0.,0.,-1.));
#808 = DIRECTION('',(-2.991758887411E-14,-1.,0.));
#809 = FACE_BOUND('',#810,.F.);
#810 = EDGE_LOOP('',(#811));
#811 = ORIENTED_EDGE('',*,*,#812,.T.);
#812 = EDGE_CURVE('',#813,#813,#815,.T.);
#813 = VERTEX_POINT('',#814);
#814 = CARTESIAN_POINT('',(145.28,-144.4,0.));
#815 = CIRCLE('',#816,0.6);
#816 = AXIS2_PLACEMENT_3D('',#817,#818,#819);
#817 = CARTESIAN_POINT('',(145.28,-143.8,0.));
#818 = DIRECTION('',(-0.,0.,-1.));
#819 = DIRECTION('',(-0.,-1.,0.));
#820 = FACE_BOUND('',#821,.F.);
#821 = EDGE_LOOP('',(#822));
#822 = ORIENTED_EDGE('',*,*,#823,.T.);
#823 = EDGE_CURVE('',#824,#824,#826,.T.);
#824 = VERTEX_POINT('',#825);
#825 = CARTESIAN_POINT('',(144.78,-140.95,0.));
#826 = CIRCLE('',#827,0.95);
#827 = AXIS2_PLACEMENT_3D('',#828,#829,#830);
#828 = CARTESIAN_POINT('',(144.78,-140.,0.));
#829 = DIRECTION('',(-0.,0.,-1.));
#830 = DIRECTION('',(-0.,-1.,0.));
#831 = FACE_BOUND('',#832,.F.);
#832 = EDGE_LOOP('',(#833));
#833 = ORIENTED_EDGE('',*,*,#834,.T.);
#834 = EDGE_CURVE('',#835,#835,#837,.T.);
#835 = VERTEX_POINT('',#836);
#836 = CARTESIAN_POINT('',(150.28,-141.725,0.));
#837 = CIRCLE('',#838,1.725);
#838 = AXIS2_PLACEMENT_3D('',#839,#840,#841);
#839 = CARTESIAN_POINT('',(150.28,-140.,0.));
#840 = DIRECTION('',(-0.,0.,-1.));
#841 = DIRECTION('',(-0.,-1.,0.));
#842 = FACE_BOUND('',#843,.F.);
#843 = EDGE_LOOP('',(#844));
#844 = ORIENTED_EDGE('',*,*,#845,.T.);
#845 = EDGE_CURVE('',#846,#846,#848,.T.);
#846 = VERTEX_POINT('',#847);
#847 = CARTESIAN_POINT('',(155.78,-140.95,0.));
#848 = CIRCLE('',#849,0.95);
#849 = AXIS2_PLACEMENT_3D('',#850,#851,#852);
#850 = CARTESIAN_POINT('',(155.78,-140.,0.));
#851 = DIRECTION('',(-0.,0.,-1.));
#852 = DIRECTION('',(-0.,-1.,0.));
#853 = FACE_BOUND('',#854,.F.);
#854 = EDGE_LOOP('',(#855));
#855 = ORIENTED_EDGE('',*,*,#856,.T.);
#856 = EDGE_CURVE('',#857,#857,#859,.T.);
#857 = VERTEX_POINT('',#858);
#858 = CARTESIAN_POINT('',(131.572,-126.5,0.));
#859 = CIRCLE('',#860,0.6);
#860 = AXIS2_PLACEMENT_3D('',#861,#862,#863);
#861 = CARTESIAN_POINT('',(131.572,-125.9,0.));
#862 = DIRECTION('',(-0.,0.,-1.));
#863 = DIRECTION('',(-0.,-1.,0.));
#864 = FACE_BOUND('',#865,.F.);
#865 = EDGE_LOOP('',(#866));
#866 = ORIENTED_EDGE('',*,*,#867,.T.);
#867 = EDGE_CURVE('',#868,#868,#870,.T.);
#868 = VERTEX_POINT('',#869);
#869 = CARTESIAN_POINT('',(145.28,-124.4,0.));
#870 = CIRCLE('',#871,0.6);
#871 = AXIS2_PLACEMENT_3D('',#872,#873,#874);
#872 = CARTESIAN_POINT('',(145.28,-123.8,0.));
#873 = DIRECTION('',(-0.,0.,-1.));
#874 = DIRECTION('',(-0.,-1.,0.));
#875 = FACE_BOUND('',#876,.F.);
#876 = EDGE_LOOP('',(#877));
#877 = ORIENTED_EDGE('',*,*,#878,.T.);
#878 = EDGE_CURVE('',#879,#879,#881,.T.);
#879 = VERTEX_POINT('',#880);
#880 = CARTESIAN_POINT('',(150.28,-126.5,0.));
#881 = CIRCLE('',#882,0.6);
#882 = AXIS2_PLACEMENT_3D('',#883,#884,#885);
#883 = CARTESIAN_POINT('',(150.28,-125.9,0.));
#884 = DIRECTION('',(-0.,0.,-1.));
#885 = DIRECTION('',(-0.,-1.,0.));
#886 = FACE_BOUND('',#887,.F.);
#887 = EDGE_LOOP('',(#888));
#888 = ORIENTED_EDGE('',*,*,#889,.T.);
#889 = EDGE_CURVE('',#890,#890,#892,.T.);
#890 = VERTEX_POINT('',#891);
#891 = CARTESIAN_POINT('',(51.23,-120.95,0.));
#892 = CIRCLE('',#893,0.95);
#893 = AXIS2_PLACEMENT_3D('',#894,#895,#896);
#894 = CARTESIAN_POINT('',(51.23,-120.,0.));
#895 = DIRECTION('',(-0.,0.,-1.));
#896 = DIRECTION('',(-7.479397218527E-15,-1.,0.));
#897 = FACE_BOUND('',#898,.F.);
#898 = EDGE_LOOP('',(#899));
#899 = ORIENTED_EDGE('',*,*,#900,.T.);
#900 = EDGE_CURVE('',#901,#901,#903,.T.);
#901 = VERTEX_POINT('',#902);
#902 = CARTESIAN_POINT('',(56.73,-121.725,0.));
#903 = CIRCLE('',#904,1.725);
#904 = AXIS2_PLACEMENT_3D('',#905,#906,#907);
#905 = CARTESIAN_POINT('',(56.73,-120.,0.));
#906 = DIRECTION('',(-0.,0.,-1.));
#907 = DIRECTION('',(-4.119088323247E-15,-1.,0.));
#908 = FACE_BOUND('',#909,.F.);
#909 = EDGE_LOOP('',(#910));
#910 = ORIENTED_EDGE('',*,*,#911,.T.);
#911 = EDGE_CURVE('',#912,#912,#914,.T.);
#912 = VERTEX_POINT('',#913);
#913 = CARTESIAN_POINT('',(62.23,-120.95,0.));
#914 = CIRCLE('',#915,0.95);
#915 = AXIS2_PLACEMENT_3D('',#916,#917,#918);
#916 = CARTESIAN_POINT('',(62.23,-120.,0.));
#917 = DIRECTION('',(-0.,0.,-1.));
#918 = DIRECTION('',(-7.479397218527E-15,-1.,0.));
#919 = FACE_BOUND('',#920,.F.);
#920 = EDGE_LOOP('',(#921));
#921 = ORIENTED_EDGE('',*,*,#922,.T.);
#922 = EDGE_CURVE('',#923,#923,#925,.T.);
#923 = VERTEX_POINT('',#924);
#924 = CARTESIAN_POINT('',(69.938,-120.95,0.));
#925 = CIRCLE('',#926,0.95);
#926 = AXIS2_PLACEMENT_3D('',#927,#928,#929);
#927 = CARTESIAN_POINT('',(69.938,-120.,0.));
#928 = DIRECTION('',(-0.,0.,-1.));
#929 = DIRECTION('',(-0.,-1.,0.));
#930 = FACE_BOUND('',#931,.F.);
#931 = EDGE_LOOP('',(#932));
#932 = ORIENTED_EDGE('',*,*,#933,.T.);
#933 = EDGE_CURVE('',#934,#934,#936,.T.);
#934 = VERTEX_POINT('',#935);
#935 = CARTESIAN_POINT('',(75.438,-121.725,0.));
#936 = CIRCLE('',#937,1.725);
#937 = AXIS2_PLACEMENT_3D('',#938,#939,#940);
#938 = CARTESIAN_POINT('',(75.438,-120.,0.));
#939 = DIRECTION('',(-0.,0.,-1.));
#940 = DIRECTION('',(8.238176646494E-15,-1.,-0.));
#941 = FACE_BOUND('',#942,.F.);
#942 = EDGE_LOOP('',(#943));
#943 = ORIENTED_EDGE('',*,*,#944,.T.);
#944 = EDGE_CURVE('',#945,#945,#947,.T.);
#945 = VERTEX_POINT('',#946);
#946 = CARTESIAN_POINT('',(57.912,-107.518,0.));
#947 = CIRCLE('',#948,1.6);
#948 = AXIS2_PLACEMENT_3D('',#949,#950,#951);
#949 = CARTESIAN_POINT('',(57.912,-105.918,0.));
#950 = DIRECTION('',(-0.,0.,-1.));
#951 = DIRECTION('',(-0.,-1.,0.));
#952 = FACE_BOUND('',#953,.F.);
#953 = EDGE_LOOP('',(#954));
#954 = ORIENTED_EDGE('',*,*,#955,.T.);
#955 = EDGE_CURVE('',#956,#956,#958,.T.);
#956 = VERTEX_POINT('',#957);
#957 = CARTESIAN_POINT('',(80.938,-120.95,0.));
#958 = CIRCLE('',#959,0.95);
#959 = AXIS2_PLACEMENT_3D('',#960,#961,#962);
#960 = CARTESIAN_POINT('',(80.938,-120.,0.));
#961 = DIRECTION('',(-0.,0.,-1.));
#962 = DIRECTION('',(-0.,-1.,0.));
#963 = FACE_BOUND('',#964,.F.);
#964 = EDGE_LOOP('',(#965));
#965 = ORIENTED_EDGE('',*,*,#966,.T.);
#966 = EDGE_CURVE('',#967,#967,#969,.T.);
#967 = VERTEX_POINT('',#968);
#968 = CARTESIAN_POINT('',(88.646,-120.95,0.));
#969 = CIRCLE('',#970,0.95);
#970 = AXIS2_PLACEMENT_3D('',#971,#972,#973);
#971 = CARTESIAN_POINT('',(88.646,-120.,0.));
#972 = DIRECTION('',(-0.,0.,-1.));
#973 = DIRECTION('',(-0.,-1.,0.));
#974 = FACE_BOUND('',#975,.F.);
#975 = EDGE_LOOP('',(#976));
#976 = ORIENTED_EDGE('',*,*,#977,.T.);
#977 = EDGE_CURVE('',#978,#978,#980,.T.);
#978 = VERTEX_POINT('',#979);
#979 = CARTESIAN_POINT('',(94.146,-121.725,0.));
#980 = CIRCLE('',#981,1.725);
#981 = AXIS2_PLACEMENT_3D('',#982,#983,#984);
#982 = CARTESIAN_POINT('',(94.146,-120.,0.));
#983 = DIRECTION('',(-0.,0.,-1.));
#984 = DIRECTION('',(-0.,-1.,0.));
#985 = FACE_BOUND('',#986,.F.);
#986 = EDGE_LOOP('',(#987));
#987 = ORIENTED_EDGE('',*,*,#988,.T.);
#988 = EDGE_CURVE('',#989,#989,#991,.T.);
#989 = VERTEX_POINT('',#990);
#990 = CARTESIAN_POINT('',(99.646,-120.95,0.));
#991 = CIRCLE('',#992,0.95);
#992 = AXIS2_PLACEMENT_3D('',#993,#994,#995);
#993 = CARTESIAN_POINT('',(99.646,-120.,0.));
#994 = DIRECTION('',(-0.,0.,-1.));
#995 = DIRECTION('',(-0.,-1.,0.));
#996 = FACE_BOUND('',#997,.F.);
#997 = EDGE_LOOP('',(#998));
#998 = ORIENTED_EDGE('',*,*,#999,.T.);
#999 = EDGE_CURVE('',#1000,#1000,#1002,.T.);
#1000 = VERTEX_POINT('',#1001);
#1001 = CARTESIAN_POINT('',(57.912,-80.086,0.));
#1002 = CIRCLE('',#1003,1.6);
#1003 = AXIS2_PLACEMENT_3D('',#1004,#1005,#1006);
#1004 = CARTESIAN_POINT('',(57.912,-78.486,0.));
#1005 = DIRECTION('',(-0.,0.,-1.));
#1006 = DIRECTION('',(-0.,-1.,0.));
#1007 = FACE_BOUND('',#1008,.F.);
#1008 = EDGE_LOOP('',(#1009));
#1009 = ORIENTED_EDGE('',*,*,#1010,.T.);
#1010 = EDGE_CURVE('',#1011,#1011,#1013,.T.);
#1011 = VERTEX_POINT('',#1012);
#1012 = CARTESIAN_POINT('',(68.834,-78.732,0.));
#1013 = CIRCLE('',#1014,0.5);
#1014 = AXIS2_PLACEMENT_3D('',#1015,#1016,#1017);
#1015 = CARTESIAN_POINT('',(68.834,-78.232,0.));
#1016 = DIRECTION('',(-0.,0.,-1.));
#1017 = DIRECTION('',(-0.,-1.,0.));
#1018 = FACE_BOUND('',#1019,.F.);
#1019 = EDGE_LOOP('',(#1020));
#1020 = ORIENTED_EDGE('',*,*,#1021,.T.);
#1021 = EDGE_CURVE('',#1022,#1022,#1024,.T.);
#1022 = VERTEX_POINT('',#1023);
#1023 = CARTESIAN_POINT('',(71.374,-78.732,0.));
#1024 = CIRCLE('',#1025,0.5);
#1025 = AXIS2_PLACEMENT_3D('',#1026,#1027,#1028);
#1026 = CARTESIAN_POINT('',(71.374,-78.232,0.));
#1027 = DIRECTION('',(-0.,0.,-1.));
#1028 = DIRECTION('',(-0.,-1.,0.));
#1029 = FACE_BOUND('',#1030,.F.);
#1030 = EDGE_LOOP('',(#1031));
#1031 = ORIENTED_EDGE('',*,*,#1032,.T.);
#1032 = EDGE_CURVE('',#1033,#1033,#1035,.T.);
#1033 = VERTEX_POINT('',#1034);
#1034 = CARTESIAN_POINT('',(73.914,-78.732,0.));
#1035 = CIRCLE('',#1036,0.5);
#1036 = AXIS2_PLACEMENT_3D('',#1037,#1038,#1039);
#1037 = CARTESIAN_POINT('',(73.914,-78.232,0.));
#1038 = DIRECTION('',(-0.,0.,-1.));
#1039 = DIRECTION('',(-0.,-1.,0.));
#1040 = FACE_BOUND('',#1041,.F.);
#1041 = EDGE_LOOP('',(#1042));
#1042 = ORIENTED_EDGE('',*,*,#1043,.T.);
#1043 = EDGE_CURVE('',#1044,#1044,#1046,.T.);
#1044 = VERTEX_POINT('',#1045);
#1045 = CARTESIAN_POINT('',(76.454,-78.732,0.));
#1046 = CIRCLE('',#1047,0.5);
#1047 = AXIS2_PLACEMENT_3D('',#1048,#1049,#1050);
#1048 = CARTESIAN_POINT('',(76.454,-78.232,0.));
#1049 = DIRECTION('',(-0.,0.,-1.));
#1050 = DIRECTION('',(-0.,-1.,0.));
#1051 = FACE_BOUND('',#1052,.F.);
#1052 = EDGE_LOOP('',(#1053));
#1053 = ORIENTED_EDGE('',*,*,#1054,.T.);
#1054 = EDGE_CURVE('',#1055,#1055,#1057,.T.);
#1055 = VERTEX_POINT('',#1056);
#1056 = CARTESIAN_POINT('',(78.994,-78.732,0.));
#1057 = CIRCLE('',#1058,0.5);
#1058 = AXIS2_PLACEMENT_3D('',#1059,#1060,#1061);
#1059 = CARTESIAN_POINT('',(78.994,-78.232,0.));
#1060 = DIRECTION('',(-0.,0.,-1.));
#1061 = DIRECTION('',(-0.,-1.,0.));
#1062 = FACE_BOUND('',#1063,.F.);
#1063 = EDGE_LOOP('',(#1064));
#1064 = ORIENTED_EDGE('',*,*,#1065,.T.);
#1065 = EDGE_CURVE('',#1066,#1066,#1068,.T.);
#1066 = VERTEX_POINT('',#1067);
#1067 = CARTESIAN_POINT('',(81.534,-78.732,0.));
#1068 = CIRCLE('',#1069,0.5);
#1069 = AXIS2_PLACEMENT_3D('',#1070,#1071,#1072);
#1070 = CARTESIAN_POINT('',(81.534,-78.232,0.));
#1071 = DIRECTION('',(-0.,0.,-1.));
#1072 = DIRECTION('',(-0.,-1.,0.));
#1073 = FACE_BOUND('',#1074,.F.);
#1074 = EDGE_LOOP('',(#1075));
#1075 = ORIENTED_EDGE('',*,*,#1076,.T.);
#1076 = EDGE_CURVE('',#1077,#1077,#1079,.T.);
#1077 = VERTEX_POINT('',#1078);
#1078 = CARTESIAN_POINT('',(107.276,-120.95,0.));
#1079 = CIRCLE('',#1080,0.95);
#1080 = AXIS2_PLACEMENT_3D('',#1081,#1082,#1083);
#1081 = CARTESIAN_POINT('',(107.276,-120.,0.));
#1082 = DIRECTION('',(-0.,0.,-1.));
#1083 = DIRECTION('',(-0.,-1.,0.));
#1084 = FACE_BOUND('',#1085,.F.);
#1085 = EDGE_LOOP('',(#1086));
#1086 = ORIENTED_EDGE('',*,*,#1087,.T.);
#1087 = EDGE_CURVE('',#1088,#1088,#1090,.T.);
#1088 = VERTEX_POINT('',#1089);
#1089 = CARTESIAN_POINT('',(112.776,-121.725,0.));
#1090 = CIRCLE('',#1091,1.725);
#1091 = AXIS2_PLACEMENT_3D('',#1092,#1093,#1094);
#1092 = CARTESIAN_POINT('',(112.776,-120.,0.));
#1093 = DIRECTION('',(-0.,0.,-1.));
#1094 = DIRECTION('',(-8.238176646494E-15,-1.,0.));
#1095 = FACE_BOUND('',#1096,.F.);
#1096 = EDGE_LOOP('',(#1097));
#1097 = ORIENTED_EDGE('',*,*,#1098,.T.);
#1098 = EDGE_CURVE('',#1099,#1099,#1101,.T.);
#1099 = VERTEX_POINT('',#1100);
#1100 = CARTESIAN_POINT('',(118.276,-120.95,0.));
#1101 = CIRCLE('',#1102,0.95);
#1102 = AXIS2_PLACEMENT_3D('',#1103,#1104,#1105);
#1103 = CARTESIAN_POINT('',(118.276,-120.,0.));
#1104 = DIRECTION('',(-0.,0.,-1.));
#1105 = DIRECTION('',(-0.,-1.,0.));
#1106 = FACE_BOUND('',#1107,.F.);
#1107 = EDGE_LOOP('',(#1108));
#1108 = ORIENTED_EDGE('',*,*,#1109,.T.);
#1109 = EDGE_CURVE('',#1110,#1110,#1112,.T.);
#1110 = VERTEX_POINT('',#1111);
#1111 = CARTESIAN_POINT('',(126.072,-120.95,0.));
#1112 = CIRCLE('',#1113,0.95);
#1113 = AXIS2_PLACEMENT_3D('',#1114,#1115,#1116);
#1114 = CARTESIAN_POINT('',(126.072,-120.,0.));
#1115 = DIRECTION('',(-0.,0.,-1.));
#1116 = DIRECTION('',(-0.,-1.,0.));
#1117 = FACE_BOUND('',#1118,.F.);
#1118 = EDGE_LOOP('',(#1119));
#1119 = ORIENTED_EDGE('',*,*,#1120,.T.);
#1120 = EDGE_CURVE('',#1121,#1121,#1123,.T.);
#1121 = VERTEX_POINT('',#1122);
#1122 = CARTESIAN_POINT('',(131.572,-121.725,0.));
#1123 = CIRCLE('',#1124,1.725);
#1124 = AXIS2_PLACEMENT_3D('',#1125,#1126,#1127);
#1125 = CARTESIAN_POINT('',(131.572,-120.,0.));
#1126 = DIRECTION('',(-0.,0.,-1.));
#1127 = DIRECTION('',(-0.,-1.,0.));
#1128 = FACE_BOUND('',#1129,.F.);
#1129 = EDGE_LOOP('',(#1130));
#1130 = ORIENTED_EDGE('',*,*,#1131,.T.);
#1131 = EDGE_CURVE('',#1132,#1132,#1134,.T.);
#1132 = VERTEX_POINT('',#1133);
#1133 = CARTESIAN_POINT('',(137.072,-120.95,0.));
#1134 = CIRCLE('',#1135,0.95);
#1135 = AXIS2_PLACEMENT_3D('',#1136,#1137,#1138);
#1136 = CARTESIAN_POINT('',(137.072,-120.,0.));
#1137 = DIRECTION('',(-0.,0.,-1.));
#1138 = DIRECTION('',(-0.,-1.,0.));
#1139 = FACE_BOUND('',#1140,.F.);
#1140 = EDGE_LOOP('',(#1141));
#1141 = ORIENTED_EDGE('',*,*,#1142,.T.);
#1142 = EDGE_CURVE('',#1143,#1143,#1145,.T.);
#1143 = VERTEX_POINT('',#1144);
#1144 = CARTESIAN_POINT('',(144.78,-120.95,0.));
#1145 = CIRCLE('',#1146,0.95);
#1146 = AXIS2_PLACEMENT_3D('',#1147,#1148,#1149);
#1147 = CARTESIAN_POINT('',(144.78,-120.,0.));
#1148 = DIRECTION('',(-0.,0.,-1.));
#1149 = DIRECTION('',(-0.,-1.,0.));
#1150 = FACE_BOUND('',#1151,.F.);
#1151 = EDGE_LOOP('',(#1152));
#1152 = ORIENTED_EDGE('',*,*,#1153,.T.);
#1153 = EDGE_CURVE('',#1154,#1154,#1156,.T.);
#1154 = VERTEX_POINT('',#1155);
#1155 = CARTESIAN_POINT('',(150.28,-121.725,0.));
#1156 = CIRCLE('',#1157,1.725);
#1157 = AXIS2_PLACEMENT_3D('',#1158,#1159,#1160);
#1158 = CARTESIAN_POINT('',(150.28,-120.,0.));
#1159 = DIRECTION('',(-0.,0.,-1.));
#1160 = DIRECTION('',(-0.,-1.,0.));
#1161 = FACE_BOUND('',#1162,.F.);
#1162 = EDGE_LOOP('',(#1163));
#1163 = ORIENTED_EDGE('',*,*,#1164,.T.);
#1164 = EDGE_CURVE('',#1165,#1165,#1167,.T.);
#1165 = VERTEX_POINT('',#1166);
#1166 = CARTESIAN_POINT('',(155.78,-120.95,0.));
#1167 = CIRCLE('',#1168,0.95);
#1168 = AXIS2_PLACEMENT_3D('',#1169,#1170,#1171);
#1169 = CARTESIAN_POINT('',(155.78,-120.,0.));
#1170 = DIRECTION('',(-0.,0.,-1.));
#1171 = DIRECTION('',(-0.,-1.,0.));
#1172 = FACE_BOUND('',#1173,.F.);
#1173 = EDGE_LOOP('',(#1174));
#1174 = ORIENTED_EDGE('',*,*,#1175,.T.);
#1175 = EDGE_CURVE('',#1176,#1176,#1178,.T.);
#1176 = VERTEX_POINT('',#1177);
#1177 = CARTESIAN_POINT('',(149.352,-107.518,0.));
#1178 = CIRCLE('',#1179,1.6);
#1179 = AXIS2_PLACEMENT_3D('',#1180,#1181,#1182);
#1180 = CARTESIAN_POINT('',(149.352,-105.918,0.));
#1181 = DIRECTION('',(-0.,0.,-1.));
#1182 = DIRECTION('',(-0.,-1.,0.));
#1183 = FACE_BOUND('',#1184,.F.);
#1184 = EDGE_LOOP('',(#1185));
#1185 = ORIENTED_EDGE('',*,*,#1186,.T.);
#1186 = EDGE_CURVE('',#1187,#1187,#1189,.T.);
#1187 = VERTEX_POINT('',#1188);
#1188 = CARTESIAN_POINT('',(148.1465,-101.592,0.));
#1189 = CIRCLE('',#1190,0.5);
#1190 = AXIS2_PLACEMENT_3D('',#1191,#1192,#1193);
#1191 = CARTESIAN_POINT('',(148.1465,-101.092,0.));
#1192 = DIRECTION('',(-0.,0.,-1.));
#1193 = DIRECTION('',(-0.,-1.,0.));
#1194 = FACE_BOUND('',#1195,.F.);
#1195 = EDGE_LOOP('',(#1196));
#1196 = ORIENTED_EDGE('',*,*,#1197,.T.);
#1197 = EDGE_CURVE('',#1198,#1198,#1200,.T.);
#1198 = VERTEX_POINT('',#1199);
#1199 = CARTESIAN_POINT('',(150.6865,-101.592,0.));
#1200 = CIRCLE('',#1201,0.5);
#1201 = AXIS2_PLACEMENT_3D('',#1202,#1203,#1204);
#1202 = CARTESIAN_POINT('',(150.6865,-101.092,0.));
#1203 = DIRECTION('',(-0.,0.,-1.));
#1204 = DIRECTION('',(-0.,-1.,0.));
#1205 = FACE_BOUND('',#1206,.F.);
#1206 = EDGE_LOOP('',(#1207));
#1207 = ORIENTED_EDGE('',*,*,#1208,.T.);
#1208 = EDGE_CURVE('',#1209,#1209,#1211,.T.);
#1209 = VERTEX_POINT('',#1210);
#1210 = CARTESIAN_POINT('',(148.1465,-99.052,0.));
#1211 = CIRCLE('',#1212,0.5);
#1212 = AXIS2_PLACEMENT_3D('',#1213,#1214,#1215);
#1213 = CARTESIAN_POINT('',(148.1465,-98.552,0.));
#1214 = DIRECTION('',(-0.,0.,-1.));
#1215 = DIRECTION('',(-0.,-1.,0.));
#1216 = FACE_BOUND('',#1217,.F.);
#1217 = EDGE_LOOP('',(#1218));
#1218 = ORIENTED_EDGE('',*,*,#1219,.T.);
#1219 = EDGE_CURVE('',#1220,#1220,#1222,.T.);
#1220 = VERTEX_POINT('',#1221);
#1221 = CARTESIAN_POINT('',(148.1465,-96.512,0.));
#1222 = CIRCLE('',#1223,0.5);
#1223 = AXIS2_PLACEMENT_3D('',#1224,#1225,#1226);
#1224 = CARTESIAN_POINT('',(148.1465,-96.012,0.));
#1225 = DIRECTION('',(-0.,0.,-1.));
#1226 = DIRECTION('',(-0.,-1.,0.));
#1227 = FACE_BOUND('',#1228,.F.);
#1228 = EDGE_LOOP('',(#1229));
#1229 = ORIENTED_EDGE('',*,*,#1230,.T.);
#1230 = EDGE_CURVE('',#1231,#1231,#1233,.T.);
#1231 = VERTEX_POINT('',#1232);
#1232 = CARTESIAN_POINT('',(150.6865,-99.052,0.));
#1233 = CIRCLE('',#1234,0.5);
#1234 = AXIS2_PLACEMENT_3D('',#1235,#1236,#1237);
#1235 = CARTESIAN_POINT('',(150.6865,-98.552,0.));
#1236 = DIRECTION('',(-0.,0.,-1.));
#1237 = DIRECTION('',(-0.,-1.,0.));
#1238 = FACE_BOUND('',#1239,.F.);
#1239 = EDGE_LOOP('',(#1240));
#1240 = ORIENTED_EDGE('',*,*,#1241,.T.);
#1241 = EDGE_CURVE('',#1242,#1242,#1244,.T.);
#1242 = VERTEX_POINT('',#1243);
#1243 = CARTESIAN_POINT('',(155.194,-97.02,0.));
#1244 = CIRCLE('',#1245,0.5);
#1245 = AXIS2_PLACEMENT_3D('',#1246,#1247,#1248);
#1246 = CARTESIAN_POINT('',(155.194,-96.52,0.));
#1247 = DIRECTION('',(-0.,0.,-1.));
#1248 = DIRECTION('',(-0.,-1.,0.));
#1249 = FACE_BOUND('',#1250,.F.);
#1250 = EDGE_LOOP('',(#1251));
#1251 = ORIENTED_EDGE('',*,*,#1252,.T.);
#1252 = EDGE_CURVE('',#1253,#1253,#1255,.T.);
#1253 = VERTEX_POINT('',#1254);
#1254 = CARTESIAN_POINT('',(150.6865,-96.512,0.));
#1255 = CIRCLE('',#1256,0.5);
#1256 = AXIS2_PLACEMENT_3D('',#1257,#1258,#1259);
#1257 = CARTESIAN_POINT('',(150.6865,-96.012,0.));
#1258 = DIRECTION('',(-0.,0.,-1.));
#1259 = DIRECTION('',(-0.,-1.,0.));
#1260 = FACE_BOUND('',#1261,.F.);
#1261 = EDGE_LOOP('',(#1262));
#1262 = ORIENTED_EDGE('',*,*,#1263,.T.);
#1263 = EDGE_CURVE('',#1264,#1264,#1266,.T.);
#1264 = VERTEX_POINT('',#1265);
#1265 = CARTESIAN_POINT('',(155.194,-94.48,0.));
#1266 = CIRCLE('',#1267,0.5);
#1267 = AXIS2_PLACEMENT_3D('',#1268,#1269,#1270);
#1268 = CARTESIAN_POINT('',(155.194,-93.98,0.));
#1269 = DIRECTION('',(-0.,0.,-1.));
#1270 = DIRECTION('',(-0.,-1.,0.));
#1271 = FACE_BOUND('',#1272,.F.);
#1272 = EDGE_LOOP('',(#1273));
#1273 = ORIENTED_EDGE('',*,*,#1274,.T.);
#1274 = EDGE_CURVE('',#1275,#1275,#1277,.T.);
#1275 = VERTEX_POINT('',#1276);
#1276 = CARTESIAN_POINT('',(148.1465,-93.972,0.));
#1277 = CIRCLE('',#1278,0.5);
#1278 = AXIS2_PLACEMENT_3D('',#1279,#1280,#1281);
#1279 = CARTESIAN_POINT('',(148.1465,-93.472,0.));
#1280 = DIRECTION('',(-0.,0.,-1.));
#1281 = DIRECTION('',(-0.,-1.,0.));
#1282 = FACE_BOUND('',#1283,.F.);
#1283 = EDGE_LOOP('',(#1284));
#1284 = ORIENTED_EDGE('',*,*,#1285,.T.);
#1285 = EDGE_CURVE('',#1286,#1286,#1288,.T.);
#1286 = VERTEX_POINT('',#1287);
#1287 = CARTESIAN_POINT('',(148.1465,-91.432,0.));
#1288 = CIRCLE('',#1289,0.5);
#1289 = AXIS2_PLACEMENT_3D('',#1290,#1291,#1292);
#1290 = CARTESIAN_POINT('',(148.1465,-90.932,0.));
#1291 = DIRECTION('',(-0.,0.,-1.));
#1292 = DIRECTION('',(-0.,-1.,0.));
#1293 = FACE_BOUND('',#1294,.F.);
#1294 = EDGE_LOOP('',(#1295));
#1295 = ORIENTED_EDGE('',*,*,#1296,.T.);
#1296 = EDGE_CURVE('',#1297,#1297,#1299,.T.);
#1297 = VERTEX_POINT('',#1298);
#1298 = CARTESIAN_POINT('',(148.1465,-88.892,0.));
#1299 = CIRCLE('',#1300,0.5);
#1300 = AXIS2_PLACEMENT_3D('',#1301,#1302,#1303);
#1301 = CARTESIAN_POINT('',(148.1465,-88.392,0.));
#1302 = DIRECTION('',(-0.,0.,-1.));
#1303 = DIRECTION('',(-0.,-1.,0.));
#1304 = FACE_BOUND('',#1305,.F.);
#1305 = EDGE_LOOP('',(#1306));
#1306 = ORIENTED_EDGE('',*,*,#1307,.T.);
#1307 = EDGE_CURVE('',#1308,#1308,#1310,.T.);
#1308 = VERTEX_POINT('',#1309);
#1309 = CARTESIAN_POINT('',(150.6865,-93.972,0.));
#1310 = CIRCLE('',#1311,0.5);
#1311 = AXIS2_PLACEMENT_3D('',#1312,#1313,#1314);
#1312 = CARTESIAN_POINT('',(150.6865,-93.472,0.));
#1313 = DIRECTION('',(-0.,0.,-1.));
#1314 = DIRECTION('',(-0.,-1.,0.));
#1315 = FACE_BOUND('',#1316,.F.);
#1316 = EDGE_LOOP('',(#1317));
#1317 = ORIENTED_EDGE('',*,*,#1318,.T.);
#1318 = EDGE_CURVE('',#1319,#1319,#1321,.T.);
#1319 = VERTEX_POINT('',#1320);
#1320 = CARTESIAN_POINT('',(150.6865,-91.432,0.));
#1321 = CIRCLE('',#1322,0.5);
#1322 = AXIS2_PLACEMENT_3D('',#1323,#1324,#1325);
#1323 = CARTESIAN_POINT('',(150.6865,-90.932,0.));
#1324 = DIRECTION('',(-0.,0.,-1.));
#1325 = DIRECTION('',(-0.,-1.,0.));
#1326 = FACE_BOUND('',#1327,.F.);
#1327 = EDGE_LOOP('',(#1328));
#1328 = ORIENTED_EDGE('',*,*,#1329,.T.);
#1329 = EDGE_CURVE('',#1330,#1330,#1332,.T.);
#1330 = VERTEX_POINT('',#1331);
#1331 = CARTESIAN_POINT('',(155.194,-91.94,0.));
#1332 = CIRCLE('',#1333,0.5);
#1333 = AXIS2_PLACEMENT_3D('',#1334,#1335,#1336);
#1334 = CARTESIAN_POINT('',(155.194,-91.44,0.));
#1335 = DIRECTION('',(-0.,0.,-1.));
#1336 = DIRECTION('',(-0.,-1.,0.));
#1337 = FACE_BOUND('',#1338,.F.);
#1338 = EDGE_LOOP('',(#1339));
#1339 = ORIENTED_EDGE('',*,*,#1340,.T.);
#1340 = EDGE_CURVE('',#1341,#1341,#1343,.T.);
#1341 = VERTEX_POINT('',#1342);
#1342 = CARTESIAN_POINT('',(150.6865,-88.892,0.));
#1343 = CIRCLE('',#1344,0.5);
#1344 = AXIS2_PLACEMENT_3D('',#1345,#1346,#1347);
#1345 = CARTESIAN_POINT('',(150.6865,-88.392,0.));
#1346 = DIRECTION('',(-0.,0.,-1.));
#1347 = DIRECTION('',(-0.,-1.,0.));
#1348 = FACE_BOUND('',#1349,.F.);
#1349 = EDGE_LOOP('',(#1350));
#1350 = ORIENTED_EDGE('',*,*,#1351,.T.);
#1351 = EDGE_CURVE('',#1352,#1352,#1354,.T.);
#1352 = VERTEX_POINT('',#1353);
#1353 = CARTESIAN_POINT('',(155.194,-89.4,0.));
#1354 = CIRCLE('',#1355,0.5);
#1355 = AXIS2_PLACEMENT_3D('',#1356,#1357,#1358);
#1356 = CARTESIAN_POINT('',(155.194,-88.9,0.));
#1357 = DIRECTION('',(-0.,0.,-1.));
#1358 = DIRECTION('',(-0.,-1.,0.));
#1359 = FACE_BOUND('',#1360,.F.);
#1360 = EDGE_LOOP('',(#1361));
#1361 = ORIENTED_EDGE('',*,*,#1362,.T.);
#1362 = EDGE_CURVE('',#1363,#1363,#1365,.T.);
#1363 = VERTEX_POINT('',#1364);
#1364 = CARTESIAN_POINT('',(148.1465,-86.352,0.));
#1365 = CIRCLE('',#1366,0.5);
#1366 = AXIS2_PLACEMENT_3D('',#1367,#1368,#1369);
#1367 = CARTESIAN_POINT('',(148.1465,-85.852,0.));
#1368 = DIRECTION('',(-0.,0.,-1.));
#1369 = DIRECTION('',(-0.,-1.,0.));
#1370 = FACE_BOUND('',#1371,.F.);
#1371 = EDGE_LOOP('',(#1372));
#1372 = ORIENTED_EDGE('',*,*,#1373,.T.);
#1373 = EDGE_CURVE('',#1374,#1374,#1376,.T.);
#1374 = VERTEX_POINT('',#1375);
#1375 = CARTESIAN_POINT('',(148.1465,-83.812,0.));
#1376 = CIRCLE('',#1377,0.5);
#1377 = AXIS2_PLACEMENT_3D('',#1378,#1379,#1380);
#1378 = CARTESIAN_POINT('',(148.1465,-83.312,0.));
#1379 = DIRECTION('',(-0.,0.,-1.));
#1380 = DIRECTION('',(-0.,-1.,0.));
#1381 = FACE_BOUND('',#1382,.F.);
#1382 = EDGE_LOOP('',(#1383));
#1383 = ORIENTED_EDGE('',*,*,#1384,.T.);
#1384 = EDGE_CURVE('',#1385,#1385,#1387,.T.);
#1385 = VERTEX_POINT('',#1386);
#1386 = CARTESIAN_POINT('',(150.6865,-86.352,0.));
#1387 = CIRCLE('',#1388,0.5);
#1388 = AXIS2_PLACEMENT_3D('',#1389,#1390,#1391);
#1389 = CARTESIAN_POINT('',(150.6865,-85.852,0.));
#1390 = DIRECTION('',(-0.,0.,-1.));
#1391 = DIRECTION('',(-0.,-1.,0.));
#1392 = FACE_BOUND('',#1393,.F.);
#1393 = EDGE_LOOP('',(#1394));
#1394 = ORIENTED_EDGE('',*,*,#1395,.T.);
#1395 = EDGE_CURVE('',#1396,#1396,#1398,.T.);
#1396 = VERTEX_POINT('',#1397);
#1397 = CARTESIAN_POINT('',(150.6865,-83.812,0.));
#1398 = CIRCLE('',#1399,0.5);
#1399 = AXIS2_PLACEMENT_3D('',#1400,#1401,#1402);
#1400 = CARTESIAN_POINT('',(150.6865,-83.312,0.));
#1401 = DIRECTION('',(-0.,0.,-1.));
#1402 = DIRECTION('',(-0.,-1.,0.));
#1403 = FACE_BOUND('',#1404,.F.);
#1404 = EDGE_LOOP('',(#1405));
#1405 = ORIENTED_EDGE('',*,*,#1406,.T.);
#1406 = EDGE_CURVE('',#1407,#1407,#1409,.T.);
#1407 = VERTEX_POINT('',#1408);
#1408 = CARTESIAN_POINT('',(149.352,-80.086,0.));
#1409 = CIRCLE('',#1410,1.6);
#1410 = AXIS2_PLACEMENT_3D('',#1411,#1412,#1413);
#1411 = CARTESIAN_POINT('',(149.352,-78.486,0.));
#1412 = DIRECTION('',(-0.,0.,-1.));
#1413 = DIRECTION('',(-0.,-1.,0.));
#1414 = PLANE('',#1415);
#1415 = AXIS2_PLACEMENT_3D('',#1416,#1417,#1418);
#1416 = CARTESIAN_POINT('',(0.,0.,0.));
#1417 = DIRECTION('',(0.,0.,1.));
#1418 = DIRECTION('',(1.,0.,-0.));
#1419 = ADVANCED_FACE('',(#1420,#1431,#1442,#1453,#1464,#1475,#1486,
    #1497,#1508,#1519,#1530,#1541,#1552,#1563,#1574,#1585,#1596,#1607,
    #1618,#1629,#1640,#1651,#1662,#1673,#1684,#1695,#1706,#1717,#1728,
    #1739,#1750,#1761,#1772,#1783,#1794,#1805,#1816,#1827,#1838,#1849,
    #1860,#1871,#1882,#1893,#1904,#1915,#1926,#1937,#1948,#1959,#1970,
    #1981,#1992,#2003,#2014,#2025,#2036,#2047,#2058,#2069,#2080,#2091,
    #2102,#2113,#2124,#2135,#2146,#2157,#2168,#2179,#2190,#2201,#2212,
    #2223,#2234,#2245,#2256,#2267,#2278,#2289,#2300,#2311,#2322,#2333,
    #2344,#2355,#2366,#2377,#2388,#2399,#2410,#2421,#2432,#2443,#2454,
    #2465,#2476,#2487,#2498,#2509,#2520,#2531,#2542,#2553,#2564,#2575,
    #2586,#2597,#2608,#2619,#2630,#2641,#2652,#2663,#2674,#2685),#2696,
  .T.);
#1420 = FACE_BOUND('',#1421,.T.);
#1421 = EDGE_LOOP('',(#1422,#1423,#1424,#1430));
#1422 = ORIENTED_EDGE('',*,*,#49,.F.);
#1423 = ORIENTED_EDGE('',*,*,#89,.F.);
#1424 = ORIENTED_EDGE('',*,*,#1425,.F.);
#1425 = EDGE_CURVE('',#112,#82,#1426,.T.);
#1426 = LINE('',#1427,#1428);
#1427 = CARTESIAN_POINT('',(46.99,-74.576,1.55));
#1428 = VECTOR('',#1429,1.);
#1429 = DIRECTION('',(1.,0.,0.));
#1430 = ORIENTED_EDGE('',*,*,#111,.F.);
#1431 = FACE_BOUND('',#1432,.T.);
#1432 = EDGE_LOOP('',(#1433));
#1433 = ORIENTED_EDGE('',*,*,#1434,.T.);
#1434 = EDGE_CURVE('',#1435,#1435,#1437,.T.);
#1435 = VERTEX_POINT('',#1436);
#1436 = CARTESIAN_POINT('',(60.698,-164.4,1.55));
#1437 = CIRCLE('',#1438,0.6);
#1438 = AXIS2_PLACEMENT_3D('',#1439,#1440,#1441);
#1439 = CARTESIAN_POINT('',(60.698,-163.8,1.55));
#1440 = DIRECTION('',(-0.,0.,-1.));
#1441 = DIRECTION('',(-0.,-1.,0.));
#1442 = FACE_BOUND('',#1443,.T.);
#1443 = EDGE_LOOP('',(#1444));
#1444 = ORIENTED_EDGE('',*,*,#1445,.T.);
#1445 = EDGE_CURVE('',#1446,#1446,#1448,.T.);
#1446 = VERTEX_POINT('',#1447);
#1447 = CARTESIAN_POINT('',(60.198,-160.95,1.55));
#1448 = CIRCLE('',#1449,0.95);
#1449 = AXIS2_PLACEMENT_3D('',#1450,#1451,#1452);
#1450 = CARTESIAN_POINT('',(60.198,-160.,1.55));
#1451 = DIRECTION('',(-0.,0.,-1.));
#1452 = DIRECTION('',(-0.,-1.,0.));
#1453 = FACE_BOUND('',#1454,.T.);
#1454 = EDGE_LOOP('',(#1455));
#1455 = ORIENTED_EDGE('',*,*,#1456,.T.);
#1456 = EDGE_CURVE('',#1457,#1457,#1459,.T.);
#1457 = VERTEX_POINT('',#1458);
#1458 = CARTESIAN_POINT('',(65.698,-166.5,1.55));
#1459 = CIRCLE('',#1460,0.6);
#1460 = AXIS2_PLACEMENT_3D('',#1461,#1462,#1463);
#1461 = CARTESIAN_POINT('',(65.698,-165.9,1.55));
#1462 = DIRECTION('',(-0.,0.,-1.));
#1463 = DIRECTION('',(-2.368475785867E-14,-1.,0.));
#1464 = FACE_BOUND('',#1465,.T.);
#1465 = EDGE_LOOP('',(#1466));
#1466 = ORIENTED_EDGE('',*,*,#1467,.T.);
#1467 = EDGE_CURVE('',#1468,#1468,#1470,.T.);
#1468 = VERTEX_POINT('',#1469);
#1469 = CARTESIAN_POINT('',(65.698,-161.725,1.55));
#1470 = CIRCLE('',#1471,1.725);
#1471 = AXIS2_PLACEMENT_3D('',#1472,#1473,#1474);
#1472 = CARTESIAN_POINT('',(65.698,-160.,1.55));
#1473 = DIRECTION('',(-0.,0.,-1.));
#1474 = DIRECTION('',(-8.238176646494E-15,-1.,0.));
#1475 = FACE_BOUND('',#1476,.T.);
#1476 = EDGE_LOOP('',(#1477));
#1477 = ORIENTED_EDGE('',*,*,#1478,.T.);
#1478 = EDGE_CURVE('',#1479,#1479,#1481,.T.);
#1479 = VERTEX_POINT('',#1480);
#1480 = CARTESIAN_POINT('',(71.198,-160.95,1.55));
#1481 = CIRCLE('',#1482,0.95);
#1482 = AXIS2_PLACEMENT_3D('',#1483,#1484,#1485);
#1483 = CARTESIAN_POINT('',(71.198,-160.,1.55));
#1484 = DIRECTION('',(-0.,0.,-1.));
#1485 = DIRECTION('',(-1.495879443705E-14,-1.,0.));
#1486 = FACE_BOUND('',#1487,.T.);
#1487 = EDGE_LOOP('',(#1488));
#1488 = ORIENTED_EDGE('',*,*,#1489,.T.);
#1489 = EDGE_CURVE('',#1490,#1490,#1492,.T.);
#1490 = VERTEX_POINT('',#1491);
#1491 = CARTESIAN_POINT('',(56.73,-146.5,1.55));
#1492 = CIRCLE('',#1493,0.6);
#1493 = AXIS2_PLACEMENT_3D('',#1494,#1495,#1496);
#1494 = CARTESIAN_POINT('',(56.73,-145.9,1.55));
#1495 = DIRECTION('',(-0.,0.,-1.));
#1496 = DIRECTION('',(-1.184237892933E-14,-1.,0.));
#1497 = FACE_BOUND('',#1498,.T.);
#1498 = EDGE_LOOP('',(#1499));
#1499 = ORIENTED_EDGE('',*,*,#1500,.T.);
#1500 = EDGE_CURVE('',#1501,#1501,#1503,.T.);
#1501 = VERTEX_POINT('',#1502);
#1502 = CARTESIAN_POINT('',(75.438,-146.5,1.55));
#1503 = CIRCLE('',#1504,0.6);
#1504 = AXIS2_PLACEMENT_3D('',#1505,#1506,#1507);
#1505 = CARTESIAN_POINT('',(75.438,-145.9,1.55));
#1506 = DIRECTION('',(-0.,0.,-1.));
#1507 = DIRECTION('',(2.368475785867E-14,-1.,-0.));
#1508 = FACE_BOUND('',#1509,.T.);
#1509 = EDGE_LOOP('',(#1510));
#1510 = ORIENTED_EDGE('',*,*,#1511,.T.);
#1511 = EDGE_CURVE('',#1512,#1512,#1514,.T.);
#1512 = VERTEX_POINT('',#1513);
#1513 = CARTESIAN_POINT('',(89.146,-164.4,1.55));
#1514 = CIRCLE('',#1515,0.6);
#1515 = AXIS2_PLACEMENT_3D('',#1516,#1517,#1518);
#1516 = CARTESIAN_POINT('',(89.146,-163.8,1.55));
#1517 = DIRECTION('',(-0.,0.,-1.));
#1518 = DIRECTION('',(-0.,-1.,0.));
#1519 = FACE_BOUND('',#1520,.T.);
#1520 = EDGE_LOOP('',(#1521));
#1521 = ORIENTED_EDGE('',*,*,#1522,.T.);
#1522 = EDGE_CURVE('',#1523,#1523,#1525,.T.);
#1523 = VERTEX_POINT('',#1524);
#1524 = CARTESIAN_POINT('',(88.646,-160.95,1.55));
#1525 = CIRCLE('',#1526,0.95);
#1526 = AXIS2_PLACEMENT_3D('',#1527,#1528,#1529);
#1527 = CARTESIAN_POINT('',(88.646,-160.,1.55));
#1528 = DIRECTION('',(-0.,0.,-1.));
#1529 = DIRECTION('',(-0.,-1.,0.));
#1530 = FACE_BOUND('',#1531,.T.);
#1531 = EDGE_LOOP('',(#1532));
#1532 = ORIENTED_EDGE('',*,*,#1533,.T.);
#1533 = EDGE_CURVE('',#1534,#1534,#1536,.T.);
#1534 = VERTEX_POINT('',#1535);
#1535 = CARTESIAN_POINT('',(94.146,-166.5,1.55));
#1536 = CIRCLE('',#1537,0.6);
#1537 = AXIS2_PLACEMENT_3D('',#1538,#1539,#1540);
#1538 = CARTESIAN_POINT('',(94.146,-165.9,1.55));
#1539 = DIRECTION('',(-0.,0.,-1.));
#1540 = DIRECTION('',(-0.,-1.,0.));
#1541 = FACE_BOUND('',#1542,.T.);
#1542 = EDGE_LOOP('',(#1543));
#1543 = ORIENTED_EDGE('',*,*,#1544,.T.);
#1544 = EDGE_CURVE('',#1545,#1545,#1547,.T.);
#1545 = VERTEX_POINT('',#1546);
#1546 = CARTESIAN_POINT('',(94.146,-161.725,1.55));
#1547 = CIRCLE('',#1548,1.725);
#1548 = AXIS2_PLACEMENT_3D('',#1549,#1550,#1551);
#1549 = CARTESIAN_POINT('',(94.146,-160.,1.55));
#1550 = DIRECTION('',(-0.,0.,-1.));
#1551 = DIRECTION('',(-0.,-1.,0.));
#1552 = FACE_BOUND('',#1553,.T.);
#1553 = EDGE_LOOP('',(#1554));
#1554 = ORIENTED_EDGE('',*,*,#1555,.T.);
#1555 = EDGE_CURVE('',#1556,#1556,#1558,.T.);
#1556 = VERTEX_POINT('',#1557);
#1557 = CARTESIAN_POINT('',(99.646,-160.95,1.55));
#1558 = CIRCLE('',#1559,0.95);
#1559 = AXIS2_PLACEMENT_3D('',#1560,#1561,#1562);
#1560 = CARTESIAN_POINT('',(99.646,-160.,1.55));
#1561 = DIRECTION('',(-0.,0.,-1.));
#1562 = DIRECTION('',(-0.,-1.,0.));
#1563 = FACE_BOUND('',#1564,.T.);
#1564 = EDGE_LOOP('',(#1565));
#1565 = ORIENTED_EDGE('',*,*,#1566,.T.);
#1566 = EDGE_CURVE('',#1567,#1567,#1569,.T.);
#1567 = VERTEX_POINT('',#1568);
#1568 = CARTESIAN_POINT('',(94.234,-146.5,1.55));
#1569 = CIRCLE('',#1570,0.6);
#1570 = AXIS2_PLACEMENT_3D('',#1571,#1572,#1573);
#1571 = CARTESIAN_POINT('',(94.234,-145.9,1.55));
#1572 = DIRECTION('',(-0.,0.,-1.));
#1573 = DIRECTION('',(-2.368475785867E-14,-1.,0.));
#1574 = FACE_BOUND('',#1575,.T.);
#1575 = EDGE_LOOP('',(#1576));
#1576 = ORIENTED_EDGE('',*,*,#1577,.T.);
#1577 = EDGE_CURVE('',#1578,#1578,#1580,.T.);
#1578 = VERTEX_POINT('',#1579);
#1579 = CARTESIAN_POINT('',(51.73,-144.4,1.55));
#1580 = CIRCLE('',#1581,0.6);
#1581 = AXIS2_PLACEMENT_3D('',#1582,#1583,#1584);
#1582 = CARTESIAN_POINT('',(51.73,-143.8,1.55));
#1583 = DIRECTION('',(-0.,0.,-1.));
#1584 = DIRECTION('',(-1.184237892934E-14,-1.,0.));
#1585 = FACE_BOUND('',#1586,.T.);
#1586 = EDGE_LOOP('',(#1587));
#1587 = ORIENTED_EDGE('',*,*,#1588,.T.);
#1588 = EDGE_CURVE('',#1589,#1589,#1591,.T.);
#1589 = VERTEX_POINT('',#1590);
#1590 = CARTESIAN_POINT('',(51.23,-140.95,1.55));
#1591 = CIRCLE('',#1592,0.95);
#1592 = AXIS2_PLACEMENT_3D('',#1593,#1594,#1595);
#1593 = CARTESIAN_POINT('',(51.23,-140.,1.55));
#1594 = DIRECTION('',(-0.,0.,-1.));
#1595 = DIRECTION('',(-7.479397218527E-15,-1.,0.));
#1596 = FACE_BOUND('',#1597,.T.);
#1597 = EDGE_LOOP('',(#1598));
#1598 = ORIENTED_EDGE('',*,*,#1599,.T.);
#1599 = EDGE_CURVE('',#1600,#1600,#1602,.T.);
#1600 = VERTEX_POINT('',#1601);
#1601 = CARTESIAN_POINT('',(56.73,-141.725,1.55));
#1602 = CIRCLE('',#1603,1.725);
#1603 = AXIS2_PLACEMENT_3D('',#1604,#1605,#1606);
#1604 = CARTESIAN_POINT('',(56.73,-140.,1.55));
#1605 = DIRECTION('',(-0.,0.,-1.));
#1606 = DIRECTION('',(-4.119088323247E-15,-1.,0.));
#1607 = FACE_BOUND('',#1608,.T.);
#1608 = EDGE_LOOP('',(#1609));
#1609 = ORIENTED_EDGE('',*,*,#1610,.T.);
#1610 = EDGE_CURVE('',#1611,#1611,#1613,.T.);
#1611 = VERTEX_POINT('',#1612);
#1612 = CARTESIAN_POINT('',(62.23,-140.95,1.55));
#1613 = CIRCLE('',#1614,0.95);
#1614 = AXIS2_PLACEMENT_3D('',#1615,#1616,#1617);
#1615 = CARTESIAN_POINT('',(62.23,-140.,1.55));
#1616 = DIRECTION('',(-0.,0.,-1.));
#1617 = DIRECTION('',(-7.479397218527E-15,-1.,0.));
#1618 = FACE_BOUND('',#1619,.T.);
#1619 = EDGE_LOOP('',(#1620));
#1620 = ORIENTED_EDGE('',*,*,#1621,.T.);
#1621 = EDGE_CURVE('',#1622,#1622,#1624,.T.);
#1622 = VERTEX_POINT('',#1623);
#1623 = CARTESIAN_POINT('',(69.938,-140.95,1.55));
#1624 = CIRCLE('',#1625,0.95);
#1625 = AXIS2_PLACEMENT_3D('',#1626,#1627,#1628);
#1626 = CARTESIAN_POINT('',(69.938,-140.,1.55));
#1627 = DIRECTION('',(-0.,0.,-1.));
#1628 = DIRECTION('',(-0.,-1.,0.));
#1629 = FACE_BOUND('',#1630,.T.);
#1630 = EDGE_LOOP('',(#1631));
#1631 = ORIENTED_EDGE('',*,*,#1632,.T.);
#1632 = EDGE_CURVE('',#1633,#1633,#1635,.T.);
#1633 = VERTEX_POINT('',#1634);
#1634 = CARTESIAN_POINT('',(70.438,-144.4,1.55));
#1635 = CIRCLE('',#1636,0.6);
#1636 = AXIS2_PLACEMENT_3D('',#1637,#1638,#1639);
#1637 = CARTESIAN_POINT('',(70.438,-143.8,1.55));
#1638 = DIRECTION('',(-0.,0.,-1.));
#1639 = DIRECTION('',(2.368475785867E-14,-1.,-0.));
#1640 = FACE_BOUND('',#1641,.T.);
#1641 = EDGE_LOOP('',(#1642));
#1642 = ORIENTED_EDGE('',*,*,#1643,.T.);
#1643 = EDGE_CURVE('',#1644,#1644,#1646,.T.);
#1644 = VERTEX_POINT('',#1645);
#1645 = CARTESIAN_POINT('',(75.438,-141.725,1.55));
#1646 = CIRCLE('',#1647,1.725);
#1647 = AXIS2_PLACEMENT_3D('',#1648,#1649,#1650);
#1648 = CARTESIAN_POINT('',(75.438,-140.,1.55));
#1649 = DIRECTION('',(-0.,0.,-1.));
#1650 = DIRECTION('',(8.238176646494E-15,-1.,-0.));
#1651 = FACE_BOUND('',#1652,.T.);
#1652 = EDGE_LOOP('',(#1653));
#1653 = ORIENTED_EDGE('',*,*,#1654,.T.);
#1654 = EDGE_CURVE('',#1655,#1655,#1657,.T.);
#1655 = VERTEX_POINT('',#1656);
#1656 = CARTESIAN_POINT('',(56.73,-126.5,1.55));
#1657 = CIRCLE('',#1658,0.6);
#1658 = AXIS2_PLACEMENT_3D('',#1659,#1660,#1661);
#1659 = CARTESIAN_POINT('',(56.73,-125.9,1.55));
#1660 = DIRECTION('',(-0.,0.,-1.));
#1661 = DIRECTION('',(-1.184237892934E-14,-1.,0.));
#1662 = FACE_BOUND('',#1663,.T.);
#1663 = EDGE_LOOP('',(#1664));
#1664 = ORIENTED_EDGE('',*,*,#1665,.T.);
#1665 = EDGE_CURVE('',#1666,#1666,#1668,.T.);
#1666 = VERTEX_POINT('',#1667);
#1667 = CARTESIAN_POINT('',(51.73,-124.4,1.55));
#1668 = CIRCLE('',#1669,0.6);
#1669 = AXIS2_PLACEMENT_3D('',#1670,#1671,#1672);
#1670 = CARTESIAN_POINT('',(51.73,-123.8,1.55));
#1671 = DIRECTION('',(-0.,0.,-1.));
#1672 = DIRECTION('',(-1.184237892933E-14,-1.,0.));
#1673 = FACE_BOUND('',#1674,.T.);
#1674 = EDGE_LOOP('',(#1675));
#1675 = ORIENTED_EDGE('',*,*,#1676,.T.);
#1676 = EDGE_CURVE('',#1677,#1677,#1679,.T.);
#1677 = VERTEX_POINT('',#1678);
#1678 = CARTESIAN_POINT('',(75.438,-126.5,1.55));
#1679 = CIRCLE('',#1680,0.6);
#1680 = AXIS2_PLACEMENT_3D('',#1681,#1682,#1683);
#1681 = CARTESIAN_POINT('',(75.438,-125.9,1.55));
#1682 = DIRECTION('',(-0.,0.,-1.));
#1683 = DIRECTION('',(2.368475785867E-14,-1.,-0.));
#1684 = FACE_BOUND('',#1685,.T.);
#1685 = EDGE_LOOP('',(#1686));
#1686 = ORIENTED_EDGE('',*,*,#1687,.T.);
#1687 = EDGE_CURVE('',#1688,#1688,#1690,.T.);
#1688 = VERTEX_POINT('',#1689);
#1689 = CARTESIAN_POINT('',(70.438,-124.4,1.55));
#1690 = CIRCLE('',#1691,0.6);
#1691 = AXIS2_PLACEMENT_3D('',#1692,#1693,#1694);
#1692 = CARTESIAN_POINT('',(70.438,-123.8,1.55));
#1693 = DIRECTION('',(-0.,0.,-1.));
#1694 = DIRECTION('',(2.368475785867E-14,-1.,-0.));
#1695 = FACE_BOUND('',#1696,.T.);
#1696 = EDGE_LOOP('',(#1697));
#1697 = ORIENTED_EDGE('',*,*,#1698,.T.);
#1698 = EDGE_CURVE('',#1699,#1699,#1701,.T.);
#1699 = VERTEX_POINT('',#1700);
#1700 = CARTESIAN_POINT('',(80.938,-140.95,1.55));
#1701 = CIRCLE('',#1702,0.95);
#1702 = AXIS2_PLACEMENT_3D('',#1703,#1704,#1705);
#1703 = CARTESIAN_POINT('',(80.938,-140.,1.55));
#1704 = DIRECTION('',(-0.,0.,-1.));
#1705 = DIRECTION('',(-0.,-1.,0.));
#1706 = FACE_BOUND('',#1707,.T.);
#1707 = EDGE_LOOP('',(#1708));
#1708 = ORIENTED_EDGE('',*,*,#1709,.T.);
#1709 = EDGE_CURVE('',#1710,#1710,#1712,.T.);
#1710 = VERTEX_POINT('',#1711);
#1711 = CARTESIAN_POINT('',(89.234,-144.4,1.55));
#1712 = CIRCLE('',#1713,0.6);
#1713 = AXIS2_PLACEMENT_3D('',#1714,#1715,#1716);
#1714 = CARTESIAN_POINT('',(89.234,-143.8,1.55));
#1715 = DIRECTION('',(-0.,0.,-1.));
#1716 = DIRECTION('',(-2.368475785867E-14,-1.,0.));
#1717 = FACE_BOUND('',#1718,.T.);
#1718 = EDGE_LOOP('',(#1719));
#1719 = ORIENTED_EDGE('',*,*,#1720,.T.);
#1720 = EDGE_CURVE('',#1721,#1721,#1723,.T.);
#1721 = VERTEX_POINT('',#1722);
#1722 = CARTESIAN_POINT('',(88.734,-140.95,1.55));
#1723 = CIRCLE('',#1724,0.95);
#1724 = AXIS2_PLACEMENT_3D('',#1725,#1726,#1727);
#1725 = CARTESIAN_POINT('',(88.734,-140.,1.55));
#1726 = DIRECTION('',(-0.,0.,-1.));
#1727 = DIRECTION('',(-1.495879443705E-14,-1.,0.));
#1728 = FACE_BOUND('',#1729,.T.);
#1729 = EDGE_LOOP('',(#1730));
#1730 = ORIENTED_EDGE('',*,*,#1731,.T.);
#1731 = EDGE_CURVE('',#1732,#1732,#1734,.T.);
#1732 = VERTEX_POINT('',#1733);
#1733 = CARTESIAN_POINT('',(94.234,-141.725,1.55));
#1734 = CIRCLE('',#1735,1.725);
#1735 = AXIS2_PLACEMENT_3D('',#1736,#1737,#1738);
#1736 = CARTESIAN_POINT('',(94.234,-140.,1.55));
#1737 = DIRECTION('',(-0.,0.,-1.));
#1738 = DIRECTION('',(-8.238176646494E-15,-1.,0.));
#1739 = FACE_BOUND('',#1740,.T.);
#1740 = EDGE_LOOP('',(#1741));
#1741 = ORIENTED_EDGE('',*,*,#1742,.T.);
#1742 = EDGE_CURVE('',#1743,#1743,#1745,.T.);
#1743 = VERTEX_POINT('',#1744);
#1744 = CARTESIAN_POINT('',(99.734,-140.95,1.55));
#1745 = CIRCLE('',#1746,0.95);
#1746 = AXIS2_PLACEMENT_3D('',#1747,#1748,#1749);
#1747 = CARTESIAN_POINT('',(99.734,-140.,1.55));
#1748 = DIRECTION('',(-0.,0.,-1.));
#1749 = DIRECTION('',(-1.495879443705E-14,-1.,0.));
#1750 = FACE_BOUND('',#1751,.T.);
#1751 = EDGE_LOOP('',(#1752));
#1752 = ORIENTED_EDGE('',*,*,#1753,.T.);
#1753 = EDGE_CURVE('',#1754,#1754,#1756,.T.);
#1754 = VERTEX_POINT('',#1755);
#1755 = CARTESIAN_POINT('',(89.146,-124.4,1.55));
#1756 = CIRCLE('',#1757,0.6);
#1757 = AXIS2_PLACEMENT_3D('',#1758,#1759,#1760);
#1758 = CARTESIAN_POINT('',(89.146,-123.8,1.55));
#1759 = DIRECTION('',(-0.,0.,-1.));
#1760 = DIRECTION('',(-0.,-1.,0.));
#1761 = FACE_BOUND('',#1762,.T.);
#1762 = EDGE_LOOP('',(#1763));
#1763 = ORIENTED_EDGE('',*,*,#1764,.T.);
#1764 = EDGE_CURVE('',#1765,#1765,#1767,.T.);
#1765 = VERTEX_POINT('',#1766);
#1766 = CARTESIAN_POINT('',(94.146,-126.5,1.55));
#1767 = CIRCLE('',#1768,0.6);
#1768 = AXIS2_PLACEMENT_3D('',#1769,#1770,#1771);
#1769 = CARTESIAN_POINT('',(94.146,-125.9,1.55));
#1770 = DIRECTION('',(-0.,0.,-1.));
#1771 = DIRECTION('',(-0.,-1.,0.));
#1772 = FACE_BOUND('',#1773,.T.);
#1773 = EDGE_LOOP('',(#1774));
#1774 = ORIENTED_EDGE('',*,*,#1775,.T.);
#1775 = EDGE_CURVE('',#1776,#1776,#1778,.T.);
#1776 = VERTEX_POINT('',#1777);
#1777 = CARTESIAN_POINT('',(108.03,-164.4,1.55));
#1778 = CIRCLE('',#1779,0.6);
#1779 = AXIS2_PLACEMENT_3D('',#1780,#1781,#1782);
#1780 = CARTESIAN_POINT('',(108.03,-163.8,1.55));
#1781 = DIRECTION('',(-0.,0.,-1.));
#1782 = DIRECTION('',(-0.,-1.,0.));
#1783 = FACE_BOUND('',#1784,.T.);
#1784 = EDGE_LOOP('',(#1785));
#1785 = ORIENTED_EDGE('',*,*,#1786,.T.);
#1786 = EDGE_CURVE('',#1787,#1787,#1789,.T.);
#1787 = VERTEX_POINT('',#1788);
#1788 = CARTESIAN_POINT('',(113.03,-166.5,1.55));
#1789 = CIRCLE('',#1790,0.6);
#1790 = AXIS2_PLACEMENT_3D('',#1791,#1792,#1793);
#1791 = CARTESIAN_POINT('',(113.03,-165.9,1.55));
#1792 = DIRECTION('',(-0.,0.,-1.));
#1793 = DIRECTION('',(-0.,-1.,0.));
#1794 = FACE_BOUND('',#1795,.T.);
#1795 = EDGE_LOOP('',(#1796));
#1796 = ORIENTED_EDGE('',*,*,#1797,.T.);
#1797 = EDGE_CURVE('',#1798,#1798,#1800,.T.);
#1798 = VERTEX_POINT('',#1799);
#1799 = CARTESIAN_POINT('',(107.53,-160.95,1.55));
#1800 = CIRCLE('',#1801,0.95);
#1801 = AXIS2_PLACEMENT_3D('',#1802,#1803,#1804);
#1802 = CARTESIAN_POINT('',(107.53,-160.,1.55));
#1803 = DIRECTION('',(-0.,0.,-1.));
#1804 = DIRECTION('',(-0.,-1.,0.));
#1805 = FACE_BOUND('',#1806,.T.);
#1806 = EDGE_LOOP('',(#1807));
#1807 = ORIENTED_EDGE('',*,*,#1808,.T.);
#1808 = EDGE_CURVE('',#1809,#1809,#1811,.T.);
#1809 = VERTEX_POINT('',#1810);
#1810 = CARTESIAN_POINT('',(113.03,-161.725,1.55));
#1811 = CIRCLE('',#1812,1.725);
#1812 = AXIS2_PLACEMENT_3D('',#1813,#1814,#1815);
#1813 = CARTESIAN_POINT('',(113.03,-160.,1.55));
#1814 = DIRECTION('',(-0.,0.,-1.));
#1815 = DIRECTION('',(-0.,-1.,0.));
#1816 = FACE_BOUND('',#1817,.T.);
#1817 = EDGE_LOOP('',(#1818));
#1818 = ORIENTED_EDGE('',*,*,#1819,.T.);
#1819 = EDGE_CURVE('',#1820,#1820,#1822,.T.);
#1820 = VERTEX_POINT('',#1821);
#1821 = CARTESIAN_POINT('',(126.826,-164.4,1.55));
#1822 = CIRCLE('',#1823,0.6);
#1823 = AXIS2_PLACEMENT_3D('',#1824,#1825,#1826);
#1824 = CARTESIAN_POINT('',(126.826,-163.8,1.55));
#1825 = DIRECTION('',(-0.,0.,-1.));
#1826 = DIRECTION('',(-0.,-1.,0.));
#1827 = FACE_BOUND('',#1828,.T.);
#1828 = EDGE_LOOP('',(#1829));
#1829 = ORIENTED_EDGE('',*,*,#1830,.T.);
#1830 = EDGE_CURVE('',#1831,#1831,#1833,.T.);
#1831 = VERTEX_POINT('',#1832);
#1832 = CARTESIAN_POINT('',(118.53,-160.95,1.55));
#1833 = CIRCLE('',#1834,0.95);
#1834 = AXIS2_PLACEMENT_3D('',#1835,#1836,#1837);
#1835 = CARTESIAN_POINT('',(118.53,-160.,1.55));
#1836 = DIRECTION('',(-0.,0.,-1.));
#1837 = DIRECTION('',(-0.,-1.,0.));
#1838 = FACE_BOUND('',#1839,.T.);
#1839 = EDGE_LOOP('',(#1840));
#1840 = ORIENTED_EDGE('',*,*,#1841,.T.);
#1841 = EDGE_CURVE('',#1842,#1842,#1844,.T.);
#1842 = VERTEX_POINT('',#1843);
#1843 = CARTESIAN_POINT('',(126.326,-160.95,1.55));
#1844 = CIRCLE('',#1845,0.95);
#1845 = AXIS2_PLACEMENT_3D('',#1846,#1847,#1848);
#1846 = CARTESIAN_POINT('',(126.326,-160.,1.55));
#1847 = DIRECTION('',(-0.,0.,-1.));
#1848 = DIRECTION('',(-0.,-1.,0.));
#1849 = FACE_BOUND('',#1850,.T.);
#1850 = EDGE_LOOP('',(#1851));
#1851 = ORIENTED_EDGE('',*,*,#1852,.T.);
#1852 = EDGE_CURVE('',#1853,#1853,#1855,.T.);
#1853 = VERTEX_POINT('',#1854);
#1854 = CARTESIAN_POINT('',(112.864,-146.5,1.55));
#1855 = CIRCLE('',#1856,0.6);
#1856 = AXIS2_PLACEMENT_3D('',#1857,#1858,#1859);
#1857 = CARTESIAN_POINT('',(112.864,-145.9,1.55));
#1858 = DIRECTION('',(-0.,0.,-1.));
#1859 = DIRECTION('',(-0.,-1.,0.));
#1860 = FACE_BOUND('',#1861,.T.);
#1861 = EDGE_LOOP('',(#1862));
#1862 = ORIENTED_EDGE('',*,*,#1863,.T.);
#1863 = EDGE_CURVE('',#1864,#1864,#1866,.T.);
#1864 = VERTEX_POINT('',#1865);
#1865 = CARTESIAN_POINT('',(131.826,-166.5,1.55));
#1866 = CIRCLE('',#1867,0.6);
#1867 = AXIS2_PLACEMENT_3D('',#1868,#1869,#1870);
#1868 = CARTESIAN_POINT('',(131.826,-165.9,1.55));
#1869 = DIRECTION('',(-0.,0.,-1.));
#1870 = DIRECTION('',(-0.,-1.,0.));
#1871 = FACE_BOUND('',#1872,.T.);
#1872 = EDGE_LOOP('',(#1873));
#1873 = ORIENTED_EDGE('',*,*,#1874,.T.);
#1874 = EDGE_CURVE('',#1875,#1875,#1877,.T.);
#1875 = VERTEX_POINT('',#1876);
#1876 = CARTESIAN_POINT('',(131.826,-161.725,1.55));
#1877 = CIRCLE('',#1878,1.725);
#1878 = AXIS2_PLACEMENT_3D('',#1879,#1880,#1881);
#1879 = CARTESIAN_POINT('',(131.826,-160.,1.55));
#1880 = DIRECTION('',(-0.,0.,-1.));
#1881 = DIRECTION('',(-0.,-1.,0.));
#1882 = FACE_BOUND('',#1883,.T.);
#1883 = EDGE_LOOP('',(#1884));
#1884 = ORIENTED_EDGE('',*,*,#1885,.T.);
#1885 = EDGE_CURVE('',#1886,#1886,#1888,.T.);
#1886 = VERTEX_POINT('',#1887);
#1887 = CARTESIAN_POINT('',(137.326,-160.95,1.55));
#1888 = CIRCLE('',#1889,0.95);
#1889 = AXIS2_PLACEMENT_3D('',#1890,#1891,#1892);
#1890 = CARTESIAN_POINT('',(137.326,-160.,1.55));
#1891 = DIRECTION('',(-0.,0.,-1.));
#1892 = DIRECTION('',(-2.991758887411E-14,-1.,0.));
#1893 = FACE_BOUND('',#1894,.T.);
#1894 = EDGE_LOOP('',(#1895));
#1895 = ORIENTED_EDGE('',*,*,#1896,.T.);
#1896 = EDGE_CURVE('',#1897,#1897,#1899,.T.);
#1897 = VERTEX_POINT('',#1898);
#1898 = CARTESIAN_POINT('',(145.368,-164.4,1.55));
#1899 = CIRCLE('',#1900,0.6);
#1900 = AXIS2_PLACEMENT_3D('',#1901,#1902,#1903);
#1901 = CARTESIAN_POINT('',(145.368,-163.8,1.55));
#1902 = DIRECTION('',(-0.,0.,-1.));
#1903 = DIRECTION('',(-0.,-1.,0.));
#1904 = FACE_BOUND('',#1905,.T.);
#1905 = EDGE_LOOP('',(#1906));
#1906 = ORIENTED_EDGE('',*,*,#1907,.T.);
#1907 = EDGE_CURVE('',#1908,#1908,#1910,.T.);
#1908 = VERTEX_POINT('',#1909);
#1909 = CARTESIAN_POINT('',(150.368,-166.5,1.55));
#1910 = CIRCLE('',#1911,0.6);
#1911 = AXIS2_PLACEMENT_3D('',#1912,#1913,#1914);
#1912 = CARTESIAN_POINT('',(150.368,-165.9,1.55));
#1913 = DIRECTION('',(-0.,0.,-1.));
#1914 = DIRECTION('',(-0.,-1.,0.));
#1915 = FACE_BOUND('',#1916,.T.);
#1916 = EDGE_LOOP('',(#1917));
#1917 = ORIENTED_EDGE('',*,*,#1918,.T.);
#1918 = EDGE_CURVE('',#1919,#1919,#1921,.T.);
#1919 = VERTEX_POINT('',#1920);
#1920 = CARTESIAN_POINT('',(144.868,-160.95,1.55));
#1921 = CIRCLE('',#1922,0.95);
#1922 = AXIS2_PLACEMENT_3D('',#1923,#1924,#1925);
#1923 = CARTESIAN_POINT('',(144.868,-160.,1.55));
#1924 = DIRECTION('',(-0.,0.,-1.));
#1925 = DIRECTION('',(-0.,-1.,0.));
#1926 = FACE_BOUND('',#1927,.T.);
#1927 = EDGE_LOOP('',(#1928));
#1928 = ORIENTED_EDGE('',*,*,#1929,.T.);
#1929 = EDGE_CURVE('',#1930,#1930,#1932,.T.);
#1930 = VERTEX_POINT('',#1931);
#1931 = CARTESIAN_POINT('',(150.368,-161.725,1.55));
#1932 = CIRCLE('',#1933,1.725);
#1933 = AXIS2_PLACEMENT_3D('',#1934,#1935,#1936);
#1934 = CARTESIAN_POINT('',(150.368,-160.,1.55));
#1935 = DIRECTION('',(-0.,0.,-1.));
#1936 = DIRECTION('',(-0.,-1.,0.));
#1937 = FACE_BOUND('',#1938,.T.);
#1938 = EDGE_LOOP('',(#1939));
#1939 = ORIENTED_EDGE('',*,*,#1940,.T.);
#1940 = EDGE_CURVE('',#1941,#1941,#1943,.T.);
#1941 = VERTEX_POINT('',#1942);
#1942 = CARTESIAN_POINT('',(155.868,-160.95,1.55));
#1943 = CIRCLE('',#1944,0.95);
#1944 = AXIS2_PLACEMENT_3D('',#1945,#1946,#1947);
#1945 = CARTESIAN_POINT('',(155.868,-160.,1.55));
#1946 = DIRECTION('',(-0.,0.,-1.));
#1947 = DIRECTION('',(-0.,-1.,0.));
#1948 = FACE_BOUND('',#1949,.T.);
#1949 = EDGE_LOOP('',(#1950));
#1950 = ORIENTED_EDGE('',*,*,#1951,.T.);
#1951 = EDGE_CURVE('',#1952,#1952,#1954,.T.);
#1952 = VERTEX_POINT('',#1953);
#1953 = CARTESIAN_POINT('',(131.66,-146.5,1.55));
#1954 = CIRCLE('',#1955,0.6);
#1955 = AXIS2_PLACEMENT_3D('',#1956,#1957,#1958);
#1956 = CARTESIAN_POINT('',(131.66,-145.9,1.55));
#1957 = DIRECTION('',(-0.,0.,-1.));
#1958 = DIRECTION('',(-0.,-1.,0.));
#1959 = FACE_BOUND('',#1960,.T.);
#1960 = EDGE_LOOP('',(#1961));
#1961 = ORIENTED_EDGE('',*,*,#1962,.T.);
#1962 = EDGE_CURVE('',#1963,#1963,#1965,.T.);
#1963 = VERTEX_POINT('',#1964);
#1964 = CARTESIAN_POINT('',(150.28,-146.5,1.55));
#1965 = CIRCLE('',#1966,0.6);
#1966 = AXIS2_PLACEMENT_3D('',#1967,#1968,#1969);
#1967 = CARTESIAN_POINT('',(150.28,-145.9,1.55));
#1968 = DIRECTION('',(-0.,0.,-1.));
#1969 = DIRECTION('',(-0.,-1.,0.));
#1970 = FACE_BOUND('',#1971,.T.);
#1971 = EDGE_LOOP('',(#1972));
#1972 = ORIENTED_EDGE('',*,*,#1973,.T.);
#1973 = EDGE_CURVE('',#1974,#1974,#1976,.T.);
#1974 = VERTEX_POINT('',#1975);
#1975 = CARTESIAN_POINT('',(107.864,-144.4,1.55));
#1976 = CIRCLE('',#1977,0.6);
#1977 = AXIS2_PLACEMENT_3D('',#1978,#1979,#1980);
#1978 = CARTESIAN_POINT('',(107.864,-143.8,1.55));
#1979 = DIRECTION('',(-0.,0.,-1.));
#1980 = DIRECTION('',(-0.,-1.,0.));
#1981 = FACE_BOUND('',#1982,.T.);
#1982 = EDGE_LOOP('',(#1983));
#1983 = ORIENTED_EDGE('',*,*,#1984,.T.);
#1984 = EDGE_CURVE('',#1985,#1985,#1987,.T.);
#1985 = VERTEX_POINT('',#1986);
#1986 = CARTESIAN_POINT('',(107.364,-140.95,1.55));
#1987 = CIRCLE('',#1988,0.95);
#1988 = AXIS2_PLACEMENT_3D('',#1989,#1990,#1991);
#1989 = CARTESIAN_POINT('',(107.364,-140.,1.55));
#1990 = DIRECTION('',(-0.,0.,-1.));
#1991 = DIRECTION('',(-0.,-1.,0.));
#1992 = FACE_BOUND('',#1993,.T.);
#1993 = EDGE_LOOP('',(#1994));
#1994 = ORIENTED_EDGE('',*,*,#1995,.T.);
#1995 = EDGE_CURVE('',#1996,#1996,#1998,.T.);
#1996 = VERTEX_POINT('',#1997);
#1997 = CARTESIAN_POINT('',(112.864,-141.725,1.55));
#1998 = CIRCLE('',#1999,1.725);
#1999 = AXIS2_PLACEMENT_3D('',#2000,#2001,#2002);
#2000 = CARTESIAN_POINT('',(112.864,-140.,1.55));
#2001 = DIRECTION('',(-0.,0.,-1.));
#2002 = DIRECTION('',(-0.,-1.,0.));
#2003 = FACE_BOUND('',#2004,.T.);
#2004 = EDGE_LOOP('',(#2005));
#2005 = ORIENTED_EDGE('',*,*,#2006,.T.);
#2006 = EDGE_CURVE('',#2007,#2007,#2009,.T.);
#2007 = VERTEX_POINT('',#2008);
#2008 = CARTESIAN_POINT('',(118.364,-140.95,1.55));
#2009 = CIRCLE('',#2010,0.95);
#2010 = AXIS2_PLACEMENT_3D('',#2011,#2012,#2013);
#2011 = CARTESIAN_POINT('',(118.364,-140.,1.55));
#2012 = DIRECTION('',(-0.,0.,-1.));
#2013 = DIRECTION('',(-0.,-1.,0.));
#2014 = FACE_BOUND('',#2015,.T.);
#2015 = EDGE_LOOP('',(#2016));
#2016 = ORIENTED_EDGE('',*,*,#2017,.T.);
#2017 = EDGE_CURVE('',#2018,#2018,#2020,.T.);
#2018 = VERTEX_POINT('',#2019);
#2019 = CARTESIAN_POINT('',(126.66,-144.4,1.55));
#2020 = CIRCLE('',#2021,0.6);
#2021 = AXIS2_PLACEMENT_3D('',#2022,#2023,#2024);
#2022 = CARTESIAN_POINT('',(126.66,-143.8,1.55));
#2023 = DIRECTION('',(-0.,0.,-1.));
#2024 = DIRECTION('',(-0.,-1.,0.));
#2025 = FACE_BOUND('',#2026,.T.);
#2026 = EDGE_LOOP('',(#2027));
#2027 = ORIENTED_EDGE('',*,*,#2028,.T.);
#2028 = EDGE_CURVE('',#2029,#2029,#2031,.T.);
#2029 = VERTEX_POINT('',#2030);
#2030 = CARTESIAN_POINT('',(126.16,-140.95,1.55));
#2031 = CIRCLE('',#2032,0.95);
#2032 = AXIS2_PLACEMENT_3D('',#2033,#2034,#2035);
#2033 = CARTESIAN_POINT('',(126.16,-140.,1.55));
#2034 = DIRECTION('',(-0.,0.,-1.));
#2035 = DIRECTION('',(-0.,-1.,0.));
#2036 = FACE_BOUND('',#2037,.T.);
#2037 = EDGE_LOOP('',(#2038));
#2038 = ORIENTED_EDGE('',*,*,#2039,.T.);
#2039 = EDGE_CURVE('',#2040,#2040,#2042,.T.);
#2040 = VERTEX_POINT('',#2041);
#2041 = CARTESIAN_POINT('',(107.776,-124.4,1.55));
#2042 = CIRCLE('',#2043,0.6);
#2043 = AXIS2_PLACEMENT_3D('',#2044,#2045,#2046);
#2044 = CARTESIAN_POINT('',(107.776,-123.8,1.55));
#2045 = DIRECTION('',(-0.,0.,-1.));
#2046 = DIRECTION('',(-2.368475785867E-14,-1.,0.));
#2047 = FACE_BOUND('',#2048,.T.);
#2048 = EDGE_LOOP('',(#2049));
#2049 = ORIENTED_EDGE('',*,*,#2050,.T.);
#2050 = EDGE_CURVE('',#2051,#2051,#2053,.T.);
#2051 = VERTEX_POINT('',#2052);
#2052 = CARTESIAN_POINT('',(112.776,-126.5,1.55));
#2053 = CIRCLE('',#2054,0.6);
#2054 = AXIS2_PLACEMENT_3D('',#2055,#2056,#2057);
#2055 = CARTESIAN_POINT('',(112.776,-125.9,1.55));
#2056 = DIRECTION('',(-0.,0.,-1.));
#2057 = DIRECTION('',(-2.368475785867E-14,-1.,0.));
#2058 = FACE_BOUND('',#2059,.T.);
#2059 = EDGE_LOOP('',(#2060));
#2060 = ORIENTED_EDGE('',*,*,#2061,.T.);
#2061 = EDGE_CURVE('',#2062,#2062,#2064,.T.);
#2062 = VERTEX_POINT('',#2063);
#2063 = CARTESIAN_POINT('',(126.572,-124.4,1.55));
#2064 = CIRCLE('',#2065,0.6);
#2065 = AXIS2_PLACEMENT_3D('',#2066,#2067,#2068);
#2066 = CARTESIAN_POINT('',(126.572,-123.8,1.55));
#2067 = DIRECTION('',(-0.,0.,-1.));
#2068 = DIRECTION('',(-0.,-1.,0.));
#2069 = FACE_BOUND('',#2070,.T.);
#2070 = EDGE_LOOP('',(#2071));
#2071 = ORIENTED_EDGE('',*,*,#2072,.T.);
#2072 = EDGE_CURVE('',#2073,#2073,#2075,.T.);
#2073 = VERTEX_POINT('',#2074);
#2074 = CARTESIAN_POINT('',(131.66,-141.725,1.55));
#2075 = CIRCLE('',#2076,1.725);
#2076 = AXIS2_PLACEMENT_3D('',#2077,#2078,#2079);
#2077 = CARTESIAN_POINT('',(131.66,-140.,1.55));
#2078 = DIRECTION('',(-0.,0.,-1.));
#2079 = DIRECTION('',(-0.,-1.,0.));
#2080 = FACE_BOUND('',#2081,.T.);
#2081 = EDGE_LOOP('',(#2082));
#2082 = ORIENTED_EDGE('',*,*,#2083,.T.);
#2083 = EDGE_CURVE('',#2084,#2084,#2086,.T.);
#2084 = VERTEX_POINT('',#2085);
#2085 = CARTESIAN_POINT('',(137.16,-140.95,1.55));
#2086 = CIRCLE('',#2087,0.95);
#2087 = AXIS2_PLACEMENT_3D('',#2088,#2089,#2090);
#2088 = CARTESIAN_POINT('',(137.16,-140.,1.55));
#2089 = DIRECTION('',(-0.,0.,-1.));
#2090 = DIRECTION('',(-2.991758887411E-14,-1.,0.));
#2091 = FACE_BOUND('',#2092,.T.);
#2092 = EDGE_LOOP('',(#2093));
#2093 = ORIENTED_EDGE('',*,*,#2094,.T.);
#2094 = EDGE_CURVE('',#2095,#2095,#2097,.T.);
#2095 = VERTEX_POINT('',#2096);
#2096 = CARTESIAN_POINT('',(145.28,-144.4,1.55));
#2097 = CIRCLE('',#2098,0.6);
#2098 = AXIS2_PLACEMENT_3D('',#2099,#2100,#2101);
#2099 = CARTESIAN_POINT('',(145.28,-143.8,1.55));
#2100 = DIRECTION('',(-0.,0.,-1.));
#2101 = DIRECTION('',(-0.,-1.,0.));
#2102 = FACE_BOUND('',#2103,.T.);
#2103 = EDGE_LOOP('',(#2104));
#2104 = ORIENTED_EDGE('',*,*,#2105,.T.);
#2105 = EDGE_CURVE('',#2106,#2106,#2108,.T.);
#2106 = VERTEX_POINT('',#2107);
#2107 = CARTESIAN_POINT('',(144.78,-140.95,1.55));
#2108 = CIRCLE('',#2109,0.95);
#2109 = AXIS2_PLACEMENT_3D('',#2110,#2111,#2112);
#2110 = CARTESIAN_POINT('',(144.78,-140.,1.55));
#2111 = DIRECTION('',(-0.,0.,-1.));
#2112 = DIRECTION('',(-0.,-1.,0.));
#2113 = FACE_BOUND('',#2114,.T.);
#2114 = EDGE_LOOP('',(#2115));
#2115 = ORIENTED_EDGE('',*,*,#2116,.T.);
#2116 = EDGE_CURVE('',#2117,#2117,#2119,.T.);
#2117 = VERTEX_POINT('',#2118);
#2118 = CARTESIAN_POINT('',(150.28,-141.725,1.55));
#2119 = CIRCLE('',#2120,1.725);
#2120 = AXIS2_PLACEMENT_3D('',#2121,#2122,#2123);
#2121 = CARTESIAN_POINT('',(150.28,-140.,1.55));
#2122 = DIRECTION('',(-0.,0.,-1.));
#2123 = DIRECTION('',(-0.,-1.,0.));
#2124 = FACE_BOUND('',#2125,.T.);
#2125 = EDGE_LOOP('',(#2126));
#2126 = ORIENTED_EDGE('',*,*,#2127,.T.);
#2127 = EDGE_CURVE('',#2128,#2128,#2130,.T.);
#2128 = VERTEX_POINT('',#2129);
#2129 = CARTESIAN_POINT('',(155.78,-140.95,1.55));
#2130 = CIRCLE('',#2131,0.95);
#2131 = AXIS2_PLACEMENT_3D('',#2132,#2133,#2134);
#2132 = CARTESIAN_POINT('',(155.78,-140.,1.55));
#2133 = DIRECTION('',(-0.,0.,-1.));
#2134 = DIRECTION('',(-0.,-1.,0.));
#2135 = FACE_BOUND('',#2136,.T.);
#2136 = EDGE_LOOP('',(#2137));
#2137 = ORIENTED_EDGE('',*,*,#2138,.T.);
#2138 = EDGE_CURVE('',#2139,#2139,#2141,.T.);
#2139 = VERTEX_POINT('',#2140);
#2140 = CARTESIAN_POINT('',(131.572,-126.5,1.55));
#2141 = CIRCLE('',#2142,0.6);
#2142 = AXIS2_PLACEMENT_3D('',#2143,#2144,#2145);
#2143 = CARTESIAN_POINT('',(131.572,-125.9,1.55));
#2144 = DIRECTION('',(-0.,0.,-1.));
#2145 = DIRECTION('',(-0.,-1.,0.));
#2146 = FACE_BOUND('',#2147,.T.);
#2147 = EDGE_LOOP('',(#2148));
#2148 = ORIENTED_EDGE('',*,*,#2149,.T.);
#2149 = EDGE_CURVE('',#2150,#2150,#2152,.T.);
#2150 = VERTEX_POINT('',#2151);
#2151 = CARTESIAN_POINT('',(145.28,-124.4,1.55));
#2152 = CIRCLE('',#2153,0.6);
#2153 = AXIS2_PLACEMENT_3D('',#2154,#2155,#2156);
#2154 = CARTESIAN_POINT('',(145.28,-123.8,1.55));
#2155 = DIRECTION('',(-0.,0.,-1.));
#2156 = DIRECTION('',(-0.,-1.,0.));
#2157 = FACE_BOUND('',#2158,.T.);
#2158 = EDGE_LOOP('',(#2159));
#2159 = ORIENTED_EDGE('',*,*,#2160,.T.);
#2160 = EDGE_CURVE('',#2161,#2161,#2163,.T.);
#2161 = VERTEX_POINT('',#2162);
#2162 = CARTESIAN_POINT('',(150.28,-126.5,1.55));
#2163 = CIRCLE('',#2164,0.6);
#2164 = AXIS2_PLACEMENT_3D('',#2165,#2166,#2167);
#2165 = CARTESIAN_POINT('',(150.28,-125.9,1.55));
#2166 = DIRECTION('',(-0.,0.,-1.));
#2167 = DIRECTION('',(-0.,-1.,0.));
#2168 = FACE_BOUND('',#2169,.T.);
#2169 = EDGE_LOOP('',(#2170));
#2170 = ORIENTED_EDGE('',*,*,#2171,.T.);
#2171 = EDGE_CURVE('',#2172,#2172,#2174,.T.);
#2172 = VERTEX_POINT('',#2173);
#2173 = CARTESIAN_POINT('',(51.23,-120.95,1.55));
#2174 = CIRCLE('',#2175,0.95);
#2175 = AXIS2_PLACEMENT_3D('',#2176,#2177,#2178);
#2176 = CARTESIAN_POINT('',(51.23,-120.,1.55));
#2177 = DIRECTION('',(-0.,0.,-1.));
#2178 = DIRECTION('',(-7.479397218527E-15,-1.,0.));
#2179 = FACE_BOUND('',#2180,.T.);
#2180 = EDGE_LOOP('',(#2181));
#2181 = ORIENTED_EDGE('',*,*,#2182,.T.);
#2182 = EDGE_CURVE('',#2183,#2183,#2185,.T.);
#2183 = VERTEX_POINT('',#2184);
#2184 = CARTESIAN_POINT('',(56.73,-121.725,1.55));
#2185 = CIRCLE('',#2186,1.725);
#2186 = AXIS2_PLACEMENT_3D('',#2187,#2188,#2189);
#2187 = CARTESIAN_POINT('',(56.73,-120.,1.55));
#2188 = DIRECTION('',(-0.,0.,-1.));
#2189 = DIRECTION('',(-4.119088323247E-15,-1.,0.));
#2190 = FACE_BOUND('',#2191,.T.);
#2191 = EDGE_LOOP('',(#2192));
#2192 = ORIENTED_EDGE('',*,*,#2193,.T.);
#2193 = EDGE_CURVE('',#2194,#2194,#2196,.T.);
#2194 = VERTEX_POINT('',#2195);
#2195 = CARTESIAN_POINT('',(62.23,-120.95,1.55));
#2196 = CIRCLE('',#2197,0.95);
#2197 = AXIS2_PLACEMENT_3D('',#2198,#2199,#2200);
#2198 = CARTESIAN_POINT('',(62.23,-120.,1.55));
#2199 = DIRECTION('',(-0.,0.,-1.));
#2200 = DIRECTION('',(-7.479397218527E-15,-1.,0.));
#2201 = FACE_BOUND('',#2202,.T.);
#2202 = EDGE_LOOP('',(#2203));
#2203 = ORIENTED_EDGE('',*,*,#2204,.T.);
#2204 = EDGE_CURVE('',#2205,#2205,#2207,.T.);
#2205 = VERTEX_POINT('',#2206);
#2206 = CARTESIAN_POINT('',(69.938,-120.95,1.55));
#2207 = CIRCLE('',#2208,0.95);
#2208 = AXIS2_PLACEMENT_3D('',#2209,#2210,#2211);
#2209 = CARTESIAN_POINT('',(69.938,-120.,1.55));
#2210 = DIRECTION('',(-0.,0.,-1.));
#2211 = DIRECTION('',(-0.,-1.,0.));
#2212 = FACE_BOUND('',#2213,.T.);
#2213 = EDGE_LOOP('',(#2214));
#2214 = ORIENTED_EDGE('',*,*,#2215,.T.);
#2215 = EDGE_CURVE('',#2216,#2216,#2218,.T.);
#2216 = VERTEX_POINT('',#2217);
#2217 = CARTESIAN_POINT('',(75.438,-121.725,1.55));
#2218 = CIRCLE('',#2219,1.725);
#2219 = AXIS2_PLACEMENT_3D('',#2220,#2221,#2222);
#2220 = CARTESIAN_POINT('',(75.438,-120.,1.55));
#2221 = DIRECTION('',(-0.,0.,-1.));
#2222 = DIRECTION('',(8.238176646494E-15,-1.,-0.));
#2223 = FACE_BOUND('',#2224,.T.);
#2224 = EDGE_LOOP('',(#2225));
#2225 = ORIENTED_EDGE('',*,*,#2226,.T.);
#2226 = EDGE_CURVE('',#2227,#2227,#2229,.T.);
#2227 = VERTEX_POINT('',#2228);
#2228 = CARTESIAN_POINT('',(57.912,-107.518,1.55));
#2229 = CIRCLE('',#2230,1.6);
#2230 = AXIS2_PLACEMENT_3D('',#2231,#2232,#2233);
#2231 = CARTESIAN_POINT('',(57.912,-105.918,1.55));
#2232 = DIRECTION('',(-0.,0.,-1.));
#2233 = DIRECTION('',(-0.,-1.,0.));
#2234 = FACE_BOUND('',#2235,.T.);
#2235 = EDGE_LOOP('',(#2236));
#2236 = ORIENTED_EDGE('',*,*,#2237,.T.);
#2237 = EDGE_CURVE('',#2238,#2238,#2240,.T.);
#2238 = VERTEX_POINT('',#2239);
#2239 = CARTESIAN_POINT('',(80.938,-120.95,1.55));
#2240 = CIRCLE('',#2241,0.95);
#2241 = AXIS2_PLACEMENT_3D('',#2242,#2243,#2244);
#2242 = CARTESIAN_POINT('',(80.938,-120.,1.55));
#2243 = DIRECTION('',(-0.,0.,-1.));
#2244 = DIRECTION('',(-0.,-1.,0.));
#2245 = FACE_BOUND('',#2246,.T.);
#2246 = EDGE_LOOP('',(#2247));
#2247 = ORIENTED_EDGE('',*,*,#2248,.T.);
#2248 = EDGE_CURVE('',#2249,#2249,#2251,.T.);
#2249 = VERTEX_POINT('',#2250);
#2250 = CARTESIAN_POINT('',(88.646,-120.95,1.55));
#2251 = CIRCLE('',#2252,0.95);
#2252 = AXIS2_PLACEMENT_3D('',#2253,#2254,#2255);
#2253 = CARTESIAN_POINT('',(88.646,-120.,1.55));
#2254 = DIRECTION('',(-0.,0.,-1.));
#2255 = DIRECTION('',(-0.,-1.,0.));
#2256 = FACE_BOUND('',#2257,.T.);
#2257 = EDGE_LOOP('',(#2258));
#2258 = ORIENTED_EDGE('',*,*,#2259,.T.);
#2259 = EDGE_CURVE('',#2260,#2260,#2262,.T.);
#2260 = VERTEX_POINT('',#2261);
#2261 = CARTESIAN_POINT('',(94.146,-121.725,1.55));
#2262 = CIRCLE('',#2263,1.725);
#2263 = AXIS2_PLACEMENT_3D('',#2264,#2265,#2266);
#2264 = CARTESIAN_POINT('',(94.146,-120.,1.55));
#2265 = DIRECTION('',(-0.,0.,-1.));
#2266 = DIRECTION('',(-0.,-1.,0.));
#2267 = FACE_BOUND('',#2268,.T.);
#2268 = EDGE_LOOP('',(#2269));
#2269 = ORIENTED_EDGE('',*,*,#2270,.T.);
#2270 = EDGE_CURVE('',#2271,#2271,#2273,.T.);
#2271 = VERTEX_POINT('',#2272);
#2272 = CARTESIAN_POINT('',(99.646,-120.95,1.55));
#2273 = CIRCLE('',#2274,0.95);
#2274 = AXIS2_PLACEMENT_3D('',#2275,#2276,#2277);
#2275 = CARTESIAN_POINT('',(99.646,-120.,1.55));
#2276 = DIRECTION('',(-0.,0.,-1.));
#2277 = DIRECTION('',(-0.,-1.,0.));
#2278 = FACE_BOUND('',#2279,.T.);
#2279 = EDGE_LOOP('',(#2280));
#2280 = ORIENTED_EDGE('',*,*,#2281,.T.);
#2281 = EDGE_CURVE('',#2282,#2282,#2284,.T.);
#2282 = VERTEX_POINT('',#2283);
#2283 = CARTESIAN_POINT('',(57.912,-80.086,1.55));
#2284 = CIRCLE('',#2285,1.6);
#2285 = AXIS2_PLACEMENT_3D('',#2286,#2287,#2288);
#2286 = CARTESIAN_POINT('',(57.912,-78.486,1.55));
#2287 = DIRECTION('',(-0.,0.,-1.));
#2288 = DIRECTION('',(-0.,-1.,0.));
#2289 = FACE_BOUND('',#2290,.T.);
#2290 = EDGE_LOOP('',(#2291));
#2291 = ORIENTED_EDGE('',*,*,#2292,.T.);
#2292 = EDGE_CURVE('',#2293,#2293,#2295,.T.);
#2293 = VERTEX_POINT('',#2294);
#2294 = CARTESIAN_POINT('',(68.834,-78.732,1.55));
#2295 = CIRCLE('',#2296,0.5);
#2296 = AXIS2_PLACEMENT_3D('',#2297,#2298,#2299);
#2297 = CARTESIAN_POINT('',(68.834,-78.232,1.55));
#2298 = DIRECTION('',(-0.,0.,-1.));
#2299 = DIRECTION('',(-0.,-1.,0.));
#2300 = FACE_BOUND('',#2301,.T.);
#2301 = EDGE_LOOP('',(#2302));
#2302 = ORIENTED_EDGE('',*,*,#2303,.T.);
#2303 = EDGE_CURVE('',#2304,#2304,#2306,.T.);
#2304 = VERTEX_POINT('',#2305);
#2305 = CARTESIAN_POINT('',(71.374,-78.732,1.55));
#2306 = CIRCLE('',#2307,0.5);
#2307 = AXIS2_PLACEMENT_3D('',#2308,#2309,#2310);
#2308 = CARTESIAN_POINT('',(71.374,-78.232,1.55));
#2309 = DIRECTION('',(-0.,0.,-1.));
#2310 = DIRECTION('',(-0.,-1.,0.));
#2311 = FACE_BOUND('',#2312,.T.);
#2312 = EDGE_LOOP('',(#2313));
#2313 = ORIENTED_EDGE('',*,*,#2314,.T.);
#2314 = EDGE_CURVE('',#2315,#2315,#2317,.T.);
#2315 = VERTEX_POINT('',#2316);
#2316 = CARTESIAN_POINT('',(73.914,-78.732,1.55));
#2317 = CIRCLE('',#2318,0.5);
#2318 = AXIS2_PLACEMENT_3D('',#2319,#2320,#2321);
#2319 = CARTESIAN_POINT('',(73.914,-78.232,1.55));
#2320 = DIRECTION('',(-0.,0.,-1.));
#2321 = DIRECTION('',(-0.,-1.,0.));
#2322 = FACE_BOUND('',#2323,.T.);
#2323 = EDGE_LOOP('',(#2324));
#2324 = ORIENTED_EDGE('',*,*,#2325,.T.);
#2325 = EDGE_CURVE('',#2326,#2326,#2328,.T.);
#2326 = VERTEX_POINT('',#2327);
#2327 = CARTESIAN_POINT('',(76.454,-78.732,1.55));
#2328 = CIRCLE('',#2329,0.5);
#2329 = AXIS2_PLACEMENT_3D('',#2330,#2331,#2332);
#2330 = CARTESIAN_POINT('',(76.454,-78.232,1.55));
#2331 = DIRECTION('',(-0.,0.,-1.));
#2332 = DIRECTION('',(-0.,-1.,0.));
#2333 = FACE_BOUND('',#2334,.T.);
#2334 = EDGE_LOOP('',(#2335));
#2335 = ORIENTED_EDGE('',*,*,#2336,.T.);
#2336 = EDGE_CURVE('',#2337,#2337,#2339,.T.);
#2337 = VERTEX_POINT('',#2338);
#2338 = CARTESIAN_POINT('',(78.994,-78.732,1.55));
#2339 = CIRCLE('',#2340,0.5);
#2340 = AXIS2_PLACEMENT_3D('',#2341,#2342,#2343);
#2341 = CARTESIAN_POINT('',(78.994,-78.232,1.55));
#2342 = DIRECTION('',(-0.,0.,-1.));
#2343 = DIRECTION('',(-0.,-1.,0.));
#2344 = FACE_BOUND('',#2345,.T.);
#2345 = EDGE_LOOP('',(#2346));
#2346 = ORIENTED_EDGE('',*,*,#2347,.T.);
#2347 = EDGE_CURVE('',#2348,#2348,#2350,.T.);
#2348 = VERTEX_POINT('',#2349);
#2349 = CARTESIAN_POINT('',(81.534,-78.732,1.55));
#2350 = CIRCLE('',#2351,0.5);
#2351 = AXIS2_PLACEMENT_3D('',#2352,#2353,#2354);
#2352 = CARTESIAN_POINT('',(81.534,-78.232,1.55));
#2353 = DIRECTION('',(-0.,0.,-1.));
#2354 = DIRECTION('',(-0.,-1.,0.));
#2355 = FACE_BOUND('',#2356,.T.);
#2356 = EDGE_LOOP('',(#2357));
#2357 = ORIENTED_EDGE('',*,*,#2358,.T.);
#2358 = EDGE_CURVE('',#2359,#2359,#2361,.T.);
#2359 = VERTEX_POINT('',#2360);
#2360 = CARTESIAN_POINT('',(107.276,-120.95,1.55));
#2361 = CIRCLE('',#2362,0.95);
#2362 = AXIS2_PLACEMENT_3D('',#2363,#2364,#2365);
#2363 = CARTESIAN_POINT('',(107.276,-120.,1.55));
#2364 = DIRECTION('',(-0.,0.,-1.));
#2365 = DIRECTION('',(-0.,-1.,0.));
#2366 = FACE_BOUND('',#2367,.T.);
#2367 = EDGE_LOOP('',(#2368));
#2368 = ORIENTED_EDGE('',*,*,#2369,.T.);
#2369 = EDGE_CURVE('',#2370,#2370,#2372,.T.);
#2370 = VERTEX_POINT('',#2371);
#2371 = CARTESIAN_POINT('',(112.776,-121.725,1.55));
#2372 = CIRCLE('',#2373,1.725);
#2373 = AXIS2_PLACEMENT_3D('',#2374,#2375,#2376);
#2374 = CARTESIAN_POINT('',(112.776,-120.,1.55));
#2375 = DIRECTION('',(-0.,0.,-1.));
#2376 = DIRECTION('',(-8.238176646494E-15,-1.,0.));
#2377 = FACE_BOUND('',#2378,.T.);
#2378 = EDGE_LOOP('',(#2379));
#2379 = ORIENTED_EDGE('',*,*,#2380,.T.);
#2380 = EDGE_CURVE('',#2381,#2381,#2383,.T.);
#2381 = VERTEX_POINT('',#2382);
#2382 = CARTESIAN_POINT('',(118.276,-120.95,1.55));
#2383 = CIRCLE('',#2384,0.95);
#2384 = AXIS2_PLACEMENT_3D('',#2385,#2386,#2387);
#2385 = CARTESIAN_POINT('',(118.276,-120.,1.55));
#2386 = DIRECTION('',(-0.,0.,-1.));
#2387 = DIRECTION('',(-0.,-1.,0.));
#2388 = FACE_BOUND('',#2389,.T.);
#2389 = EDGE_LOOP('',(#2390));
#2390 = ORIENTED_EDGE('',*,*,#2391,.T.);
#2391 = EDGE_CURVE('',#2392,#2392,#2394,.T.);
#2392 = VERTEX_POINT('',#2393);
#2393 = CARTESIAN_POINT('',(126.072,-120.95,1.55));
#2394 = CIRCLE('',#2395,0.95);
#2395 = AXIS2_PLACEMENT_3D('',#2396,#2397,#2398);
#2396 = CARTESIAN_POINT('',(126.072,-120.,1.55));
#2397 = DIRECTION('',(-0.,0.,-1.));
#2398 = DIRECTION('',(-0.,-1.,0.));
#2399 = FACE_BOUND('',#2400,.T.);
#2400 = EDGE_LOOP('',(#2401));
#2401 = ORIENTED_EDGE('',*,*,#2402,.T.);
#2402 = EDGE_CURVE('',#2403,#2403,#2405,.T.);
#2403 = VERTEX_POINT('',#2404);
#2404 = CARTESIAN_POINT('',(131.572,-121.725,1.55));
#2405 = CIRCLE('',#2406,1.725);
#2406 = AXIS2_PLACEMENT_3D('',#2407,#2408,#2409);
#2407 = CARTESIAN_POINT('',(131.572,-120.,1.55));
#2408 = DIRECTION('',(-0.,0.,-1.));
#2409 = DIRECTION('',(-0.,-1.,0.));
#2410 = FACE_BOUND('',#2411,.T.);
#2411 = EDGE_LOOP('',(#2412));
#2412 = ORIENTED_EDGE('',*,*,#2413,.T.);
#2413 = EDGE_CURVE('',#2414,#2414,#2416,.T.);
#2414 = VERTEX_POINT('',#2415);
#2415 = CARTESIAN_POINT('',(137.072,-120.95,1.55));
#2416 = CIRCLE('',#2417,0.95);
#2417 = AXIS2_PLACEMENT_3D('',#2418,#2419,#2420);
#2418 = CARTESIAN_POINT('',(137.072,-120.,1.55));
#2419 = DIRECTION('',(-0.,0.,-1.));
#2420 = DIRECTION('',(-0.,-1.,0.));
#2421 = FACE_BOUND('',#2422,.T.);
#2422 = EDGE_LOOP('',(#2423));
#2423 = ORIENTED_EDGE('',*,*,#2424,.T.);
#2424 = EDGE_CURVE('',#2425,#2425,#2427,.T.);
#2425 = VERTEX_POINT('',#2426);
#2426 = CARTESIAN_POINT('',(144.78,-120.95,1.55));
#2427 = CIRCLE('',#2428,0.95);
#2428 = AXIS2_PLACEMENT_3D('',#2429,#2430,#2431);
#2429 = CARTESIAN_POINT('',(144.78,-120.,1.55));
#2430 = DIRECTION('',(-0.,0.,-1.));
#2431 = DIRECTION('',(-0.,-1.,0.));
#2432 = FACE_BOUND('',#2433,.T.);
#2433 = EDGE_LOOP('',(#2434));
#2434 = ORIENTED_EDGE('',*,*,#2435,.T.);
#2435 = EDGE_CURVE('',#2436,#2436,#2438,.T.);
#2436 = VERTEX_POINT('',#2437);
#2437 = CARTESIAN_POINT('',(150.28,-121.725,1.55));
#2438 = CIRCLE('',#2439,1.725);
#2439 = AXIS2_PLACEMENT_3D('',#2440,#2441,#2442);
#2440 = CARTESIAN_POINT('',(150.28,-120.,1.55));
#2441 = DIRECTION('',(-0.,0.,-1.));
#2442 = DIRECTION('',(-0.,-1.,0.));
#2443 = FACE_BOUND('',#2444,.T.);
#2444 = EDGE_LOOP('',(#2445));
#2445 = ORIENTED_EDGE('',*,*,#2446,.T.);
#2446 = EDGE_CURVE('',#2447,#2447,#2449,.T.);
#2447 = VERTEX_POINT('',#2448);
#2448 = CARTESIAN_POINT('',(155.78,-120.95,1.55));
#2449 = CIRCLE('',#2450,0.95);
#2450 = AXIS2_PLACEMENT_3D('',#2451,#2452,#2453);
#2451 = CARTESIAN_POINT('',(155.78,-120.,1.55));
#2452 = DIRECTION('',(-0.,0.,-1.));
#2453 = DIRECTION('',(-0.,-1.,0.));
#2454 = FACE_BOUND('',#2455,.T.);
#2455 = EDGE_LOOP('',(#2456));
#2456 = ORIENTED_EDGE('',*,*,#2457,.T.);
#2457 = EDGE_CURVE('',#2458,#2458,#2460,.T.);
#2458 = VERTEX_POINT('',#2459);
#2459 = CARTESIAN_POINT('',(149.352,-107.518,1.55));
#2460 = CIRCLE('',#2461,1.6);
#2461 = AXIS2_PLACEMENT_3D('',#2462,#2463,#2464);
#2462 = CARTESIAN_POINT('',(149.352,-105.918,1.55));
#2463 = DIRECTION('',(-0.,0.,-1.));
#2464 = DIRECTION('',(-0.,-1.,0.));
#2465 = FACE_BOUND('',#2466,.T.);
#2466 = EDGE_LOOP('',(#2467));
#2467 = ORIENTED_EDGE('',*,*,#2468,.T.);
#2468 = EDGE_CURVE('',#2469,#2469,#2471,.T.);
#2469 = VERTEX_POINT('',#2470);
#2470 = CARTESIAN_POINT('',(148.1465,-101.592,1.55));
#2471 = CIRCLE('',#2472,0.5);
#2472 = AXIS2_PLACEMENT_3D('',#2473,#2474,#2475);
#2473 = CARTESIAN_POINT('',(148.1465,-101.092,1.55));
#2474 = DIRECTION('',(-0.,0.,-1.));
#2475 = DIRECTION('',(-0.,-1.,0.));
#2476 = FACE_BOUND('',#2477,.T.);
#2477 = EDGE_LOOP('',(#2478));
#2478 = ORIENTED_EDGE('',*,*,#2479,.T.);
#2479 = EDGE_CURVE('',#2480,#2480,#2482,.T.);
#2480 = VERTEX_POINT('',#2481);
#2481 = CARTESIAN_POINT('',(150.6865,-101.592,1.55));
#2482 = CIRCLE('',#2483,0.5);
#2483 = AXIS2_PLACEMENT_3D('',#2484,#2485,#2486);
#2484 = CARTESIAN_POINT('',(150.6865,-101.092,1.55));
#2485 = DIRECTION('',(-0.,0.,-1.));
#2486 = DIRECTION('',(-0.,-1.,0.));
#2487 = FACE_BOUND('',#2488,.T.);
#2488 = EDGE_LOOP('',(#2489));
#2489 = ORIENTED_EDGE('',*,*,#2490,.T.);
#2490 = EDGE_CURVE('',#2491,#2491,#2493,.T.);
#2491 = VERTEX_POINT('',#2492);
#2492 = CARTESIAN_POINT('',(148.1465,-99.052,1.55));
#2493 = CIRCLE('',#2494,0.5);
#2494 = AXIS2_PLACEMENT_3D('',#2495,#2496,#2497);
#2495 = CARTESIAN_POINT('',(148.1465,-98.552,1.55));
#2496 = DIRECTION('',(-0.,0.,-1.));
#2497 = DIRECTION('',(-0.,-1.,0.));
#2498 = FACE_BOUND('',#2499,.T.);
#2499 = EDGE_LOOP('',(#2500));
#2500 = ORIENTED_EDGE('',*,*,#2501,.T.);
#2501 = EDGE_CURVE('',#2502,#2502,#2504,.T.);
#2502 = VERTEX_POINT('',#2503);
#2503 = CARTESIAN_POINT('',(148.1465,-96.512,1.55));
#2504 = CIRCLE('',#2505,0.5);
#2505 = AXIS2_PLACEMENT_3D('',#2506,#2507,#2508);
#2506 = CARTESIAN_POINT('',(148.1465,-96.012,1.55));
#2507 = DIRECTION('',(-0.,0.,-1.));
#2508 = DIRECTION('',(-0.,-1.,0.));
#2509 = FACE_BOUND('',#2510,.T.);
#2510 = EDGE_LOOP('',(#2511));
#2511 = ORIENTED_EDGE('',*,*,#2512,.T.);
#2512 = EDGE_CURVE('',#2513,#2513,#2515,.T.);
#2513 = VERTEX_POINT('',#2514);
#2514 = CARTESIAN_POINT('',(150.6865,-99.052,1.55));
#2515 = CIRCLE('',#2516,0.5);
#2516 = AXIS2_PLACEMENT_3D('',#2517,#2518,#2519);
#2517 = CARTESIAN_POINT('',(150.6865,-98.552,1.55));
#2518 = DIRECTION('',(-0.,0.,-1.));
#2519 = DIRECTION('',(-0.,-1.,0.));
#2520 = FACE_BOUND('',#2521,.T.);
#2521 = EDGE_LOOP('',(#2522));
#2522 = ORIENTED_EDGE('',*,*,#2523,.T.);
#2523 = EDGE_CURVE('',#2524,#2524,#2526,.T.);
#2524 = VERTEX_POINT('',#2525);
#2525 = CARTESIAN_POINT('',(155.194,-97.02,1.55));
#2526 = CIRCLE('',#2527,0.5);
#2527 = AXIS2_PLACEMENT_3D('',#2528,#2529,#2530);
#2528 = CARTESIAN_POINT('',(155.194,-96.52,1.55));
#2529 = DIRECTION('',(-0.,0.,-1.));
#2530 = DIRECTION('',(-0.,-1.,0.));
#2531 = FACE_BOUND('',#2532,.T.);
#2532 = EDGE_LOOP('',(#2533));
#2533 = ORIENTED_EDGE('',*,*,#2534,.T.);
#2534 = EDGE_CURVE('',#2535,#2535,#2537,.T.);
#2535 = VERTEX_POINT('',#2536);
#2536 = CARTESIAN_POINT('',(150.6865,-96.512,1.55));
#2537 = CIRCLE('',#2538,0.5);
#2538 = AXIS2_PLACEMENT_3D('',#2539,#2540,#2541);
#2539 = CARTESIAN_POINT('',(150.6865,-96.012,1.55));
#2540 = DIRECTION('',(-0.,0.,-1.));
#2541 = DIRECTION('',(-0.,-1.,0.));
#2542 = FACE_BOUND('',#2543,.T.);
#2543 = EDGE_LOOP('',(#2544));
#2544 = ORIENTED_EDGE('',*,*,#2545,.T.);
#2545 = EDGE_CURVE('',#2546,#2546,#2548,.T.);
#2546 = VERTEX_POINT('',#2547);
#2547 = CARTESIAN_POINT('',(155.194,-94.48,1.55));
#2548 = CIRCLE('',#2549,0.5);
#2549 = AXIS2_PLACEMENT_3D('',#2550,#2551,#2552);
#2550 = CARTESIAN_POINT('',(155.194,-93.98,1.55));
#2551 = DIRECTION('',(-0.,0.,-1.));
#2552 = DIRECTION('',(-0.,-1.,0.));
#2553 = FACE_BOUND('',#2554,.T.);
#2554 = EDGE_LOOP('',(#2555));
#2555 = ORIENTED_EDGE('',*,*,#2556,.T.);
#2556 = EDGE_CURVE('',#2557,#2557,#2559,.T.);
#2557 = VERTEX_POINT('',#2558);
#2558 = CARTESIAN_POINT('',(148.1465,-93.972,1.55));
#2559 = CIRCLE('',#2560,0.5);
#2560 = AXIS2_PLACEMENT_3D('',#2561,#2562,#2563);
#2561 = CARTESIAN_POINT('',(148.1465,-93.472,1.55));
#2562 = DIRECTION('',(-0.,0.,-1.));
#2563 = DIRECTION('',(-0.,-1.,0.));
#2564 = FACE_BOUND('',#2565,.T.);
#2565 = EDGE_LOOP('',(#2566));
#2566 = ORIENTED_EDGE('',*,*,#2567,.T.);
#2567 = EDGE_CURVE('',#2568,#2568,#2570,.T.);
#2568 = VERTEX_POINT('',#2569);
#2569 = CARTESIAN_POINT('',(148.1465,-91.432,1.55));
#2570 = CIRCLE('',#2571,0.5);
#2571 = AXIS2_PLACEMENT_3D('',#2572,#2573,#2574);
#2572 = CARTESIAN_POINT('',(148.1465,-90.932,1.55));
#2573 = DIRECTION('',(-0.,0.,-1.));
#2574 = DIRECTION('',(-0.,-1.,0.));
#2575 = FACE_BOUND('',#2576,.T.);
#2576 = EDGE_LOOP('',(#2577));
#2577 = ORIENTED_EDGE('',*,*,#2578,.T.);
#2578 = EDGE_CURVE('',#2579,#2579,#2581,.T.);
#2579 = VERTEX_POINT('',#2580);
#2580 = CARTESIAN_POINT('',(148.1465,-88.892,1.55));
#2581 = CIRCLE('',#2582,0.5);
#2582 = AXIS2_PLACEMENT_3D('',#2583,#2584,#2585);
#2583 = CARTESIAN_POINT('',(148.1465,-88.392,1.55));
#2584 = DIRECTION('',(-0.,0.,-1.));
#2585 = DIRECTION('',(-0.,-1.,0.));
#2586 = FACE_BOUND('',#2587,.T.);
#2587 = EDGE_LOOP('',(#2588));
#2588 = ORIENTED_EDGE('',*,*,#2589,.T.);
#2589 = EDGE_CURVE('',#2590,#2590,#2592,.T.);
#2590 = VERTEX_POINT('',#2591);
#2591 = CARTESIAN_POINT('',(150.6865,-93.972,1.55));
#2592 = CIRCLE('',#2593,0.5);
#2593 = AXIS2_PLACEMENT_3D('',#2594,#2595,#2596);
#2594 = CARTESIAN_POINT('',(150.6865,-93.472,1.55));
#2595 = DIRECTION('',(-0.,0.,-1.));
#2596 = DIRECTION('',(-0.,-1.,0.));
#2597 = FACE_BOUND('',#2598,.T.);
#2598 = EDGE_LOOP('',(#2599));
#2599 = ORIENTED_EDGE('',*,*,#2600,.T.);
#2600 = EDGE_CURVE('',#2601,#2601,#2603,.T.);
#2601 = VERTEX_POINT('',#2602);
#2602 = CARTESIAN_POINT('',(150.6865,-91.432,1.55));
#2603 = CIRCLE('',#2604,0.5);
#2604 = AXIS2_PLACEMENT_3D('',#2605,#2606,#2607);
#2605 = CARTESIAN_POINT('',(150.6865,-90.932,1.55));
#2606 = DIRECTION('',(-0.,0.,-1.));
#2607 = DIRECTION('',(-0.,-1.,0.));
#2608 = FACE_BOUND('',#2609,.T.);
#2609 = EDGE_LOOP('',(#2610));
#2610 = ORIENTED_EDGE('',*,*,#2611,.T.);
#2611 = EDGE_CURVE('',#2612,#2612,#2614,.T.);
#2612 = VERTEX_POINT('',#2613);
#2613 = CARTESIAN_POINT('',(155.194,-91.94,1.55));
#2614 = CIRCLE('',#2615,0.5);
#2615 = AXIS2_PLACEMENT_3D('',#2616,#2617,#2618);
#2616 = CARTESIAN_POINT('',(155.194,-91.44,1.55));
#2617 = DIRECTION('',(-0.,0.,-1.));
#2618 = DIRECTION('',(-0.,-1.,0.));
#2619 = FACE_BOUND('',#2620,.T.);
#2620 = EDGE_LOOP('',(#2621));
#2621 = ORIENTED_EDGE('',*,*,#2622,.T.);
#2622 = EDGE_CURVE('',#2623,#2623,#2625,.T.);
#2623 = VERTEX_POINT('',#2624);
#2624 = CARTESIAN_POINT('',(150.6865,-88.892,1.55));
#2625 = CIRCLE('',#2626,0.5);
#2626 = AXIS2_PLACEMENT_3D('',#2627,#2628,#2629);
#2627 = CARTESIAN_POINT('',(150.6865,-88.392,1.55));
#2628 = DIRECTION('',(-0.,0.,-1.));
#2629 = DIRECTION('',(-0.,-1.,0.));
#2630 = FACE_BOUND('',#2631,.T.);
#2631 = EDGE_LOOP('',(#2632));
#2632 = ORIENTED_EDGE('',*,*,#2633,.T.);
#2633 = EDGE_CURVE('',#2634,#2634,#2636,.T.);
#2634 = VERTEX_POINT('',#2635);
#2635 = CARTESIAN_POINT('',(155.194,-89.4,1.55));
#2636 = CIRCLE('',#2637,0.5);
#2637 = AXIS2_PLACEMENT_3D('',#2638,#2639,#2640);
#2638 = CARTESIAN_POINT('',(155.194,-88.9,1.55));
#2639 = DIRECTION('',(-0.,0.,-1.));
#2640 = DIRECTION('',(-0.,-1.,0.));
#2641 = FACE_BOUND('',#2642,.T.);
#2642 = EDGE_LOOP('',(#2643));
#2643 = ORIENTED_EDGE('',*,*,#2644,.T.);
#2644 = EDGE_CURVE('',#2645,#2645,#2647,.T.);
#2645 = VERTEX_POINT('',#2646);
#2646 = CARTESIAN_POINT('',(148.1465,-86.352,1.55));
#2647 = CIRCLE('',#2648,0.5);
#2648 = AXIS2_PLACEMENT_3D('',#2649,#2650,#2651);
#2649 = CARTESIAN_POINT('',(148.1465,-85.852,1.55));
#2650 = DIRECTION('',(-0.,0.,-1.));
#2651 = DIRECTION('',(-0.,-1.,0.));
#2652 = FACE_BOUND('',#2653,.T.);
#2653 = EDGE_LOOP('',(#2654));
#2654 = ORIENTED_EDGE('',*,*,#2655,.T.);
#2655 = EDGE_CURVE('',#2656,#2656,#2658,.T.);
#2656 = VERTEX_POINT('',#2657);
#2657 = CARTESIAN_POINT('',(148.1465,-83.812,1.55));
#2658 = CIRCLE('',#2659,0.5);
#2659 = AXIS2_PLACEMENT_3D('',#2660,#2661,#2662);
#2660 = CARTESIAN_POINT('',(148.1465,-83.312,1.55));
#2661 = DIRECTION('',(-0.,0.,-1.));
#2662 = DIRECTION('',(-0.,-1.,0.));
#2663 = FACE_BOUND('',#2664,.T.);
#2664 = EDGE_LOOP('',(#2665));
#2665 = ORIENTED_EDGE('',*,*,#2666,.T.);
#2666 = EDGE_CURVE('',#2667,#2667,#2669,.T.);
#2667 = VERTEX_POINT('',#2668);
#2668 = CARTESIAN_POINT('',(150.6865,-86.352,1.55));
#2669 = CIRCLE('',#2670,0.5);
#2670 = AXIS2_PLACEMENT_3D('',#2671,#2672,#2673);
#2671 = CARTESIAN_POINT('',(150.6865,-85.852,1.55));
#2672 = DIRECTION('',(-0.,0.,-1.));
#2673 = DIRECTION('',(-0.,-1.,0.));
#2674 = FACE_BOUND('',#2675,.T.);
#2675 = EDGE_LOOP('',(#2676));
#2676 = ORIENTED_EDGE('',*,*,#2677,.T.);
#2677 = EDGE_CURVE('',#2678,#2678,#2680,.T.);
#2678 = VERTEX_POINT('',#2679);
#2679 = CARTESIAN_POINT('',(150.6865,-83.812,1.55));
#2680 = CIRCLE('',#2681,0.5);
#2681 = AXIS2_PLACEMENT_3D('',#2682,#2683,#2684);
#2682 = CARTESIAN_POINT('',(150.6865,-83.312,1.55));
#2683 = DIRECTION('',(-0.,0.,-1.));
#2684 = DIRECTION('',(-0.,-1.,0.));
#2685 = FACE_BOUND('',#2686,.T.);
#2686 = EDGE_LOOP('',(#2687));
#2687 = ORIENTED_EDGE('',*,*,#2688,.T.);
#2688 = EDGE_CURVE('',#2689,#2689,#2691,.T.);
#2689 = VERTEX_POINT('',#2690);
#2690 = CARTESIAN_POINT('',(149.352,-80.086,1.55));
#2691 = CIRCLE('',#2692,1.6);
#2692 = AXIS2_PLACEMENT_3D('',#2693,#2694,#2695);
#2693 = CARTESIAN_POINT('',(149.352,-78.486,1.55));
#2694 = DIRECTION('',(-0.,0.,-1.));
#2695 = DIRECTION('',(-0.,-1.,0.));
#2696 = PLANE('',#2697);
#2697 = AXIS2_PLACEMENT_3D('',#2698,#2699,#2700);
#2698 = CARTESIAN_POINT('',(0.,0.,1.55));
#2699 = DIRECTION('',(0.,0.,1.));
#2700 = DIRECTION('',(1.,0.,-0.));
#2701 = ADVANCED_FACE('',(#2702),#2708,.T.);
#2702 = FACE_BOUND('',#2703,.T.);
#2703 = EDGE_LOOP('',(#2704,#2705,#2706,#2707));
#2704 = ORIENTED_EDGE('',*,*,#119,.T.);
#2705 = ORIENTED_EDGE('',*,*,#1425,.T.);
#2706 = ORIENTED_EDGE('',*,*,#79,.F.);
#2707 = ORIENTED_EDGE('',*,*,#143,.F.);
#2708 = PLANE('',#2709);
#2709 = AXIS2_PLACEMENT_3D('',#2710,#2711,#2712);
#2710 = CARTESIAN_POINT('',(46.99,-74.576,0.));
#2711 = DIRECTION('',(0.,1.,0.));
#2712 = DIRECTION('',(1.,0.,0.));
#2713 = ADVANCED_FACE('',(#2714),#2725,.F.);
#2714 = FACE_BOUND('',#2715,.T.);
#2715 = EDGE_LOOP('',(#2716,#2717,#2723,#2724));
#2716 = ORIENTED_EDGE('',*,*,#152,.T.);
#2717 = ORIENTED_EDGE('',*,*,#2718,.T.);
#2718 = EDGE_CURVE('',#153,#1435,#2719,.T.);
#2719 = LINE('',#2720,#2721);
#2720 = CARTESIAN_POINT('',(60.698,-164.4,-4.6E-02));
#2721 = VECTOR('',#2722,1.);
#2722 = DIRECTION('',(0.,0.,1.));
#2723 = ORIENTED_EDGE('',*,*,#1434,.F.);
#2724 = ORIENTED_EDGE('',*,*,#2718,.F.);
#2725 = CYLINDRICAL_SURFACE('',#2726,0.6);
#2726 = AXIS2_PLACEMENT_3D('',#2727,#2728,#2729);
#2727 = CARTESIAN_POINT('',(60.698,-163.8,-4.6E-02));
#2728 = DIRECTION('',(-0.,-0.,-1.));
#2729 = DIRECTION('',(-0.,-1.,0.));
#2730 = ADVANCED_FACE('',(#2731),#2742,.F.);
#2731 = FACE_BOUND('',#2732,.T.);
#2732 = EDGE_LOOP('',(#2733,#2734,#2740,#2741));
#2733 = ORIENTED_EDGE('',*,*,#163,.T.);
#2734 = ORIENTED_EDGE('',*,*,#2735,.T.);
#2735 = EDGE_CURVE('',#164,#1446,#2736,.T.);
#2736 = LINE('',#2737,#2738);
#2737 = CARTESIAN_POINT('',(60.198,-160.95,-4.6E-02));
#2738 = VECTOR('',#2739,1.);
#2739 = DIRECTION('',(0.,0.,1.));
#2740 = ORIENTED_EDGE('',*,*,#1445,.F.);
#2741 = ORIENTED_EDGE('',*,*,#2735,.F.);
#2742 = CYLINDRICAL_SURFACE('',#2743,0.95);
#2743 = AXIS2_PLACEMENT_3D('',#2744,#2745,#2746);
#2744 = CARTESIAN_POINT('',(60.198,-160.,-4.6E-02));
#2745 = DIRECTION('',(-0.,-0.,-1.));
#2746 = DIRECTION('',(-0.,-1.,0.));
#2747 = ADVANCED_FACE('',(#2748),#2759,.F.);
#2748 = FACE_BOUND('',#2749,.T.);
#2749 = EDGE_LOOP('',(#2750,#2751,#2757,#2758));
#2750 = ORIENTED_EDGE('',*,*,#174,.T.);
#2751 = ORIENTED_EDGE('',*,*,#2752,.T.);
#2752 = EDGE_CURVE('',#175,#1457,#2753,.T.);
#2753 = LINE('',#2754,#2755);
#2754 = CARTESIAN_POINT('',(65.698,-166.5,-4.6E-02));
#2755 = VECTOR('',#2756,1.);
#2756 = DIRECTION('',(0.,0.,1.));
#2757 = ORIENTED_EDGE('',*,*,#1456,.F.);
#2758 = ORIENTED_EDGE('',*,*,#2752,.F.);
#2759 = CYLINDRICAL_SURFACE('',#2760,0.6);
#2760 = AXIS2_PLACEMENT_3D('',#2761,#2762,#2763);
#2761 = CARTESIAN_POINT('',(65.698,-165.9,-4.6E-02));
#2762 = DIRECTION('',(-0.,-0.,-1.));
#2763 = DIRECTION('',(-2.368475785867E-14,-1.,0.));
#2764 = ADVANCED_FACE('',(#2765),#2776,.F.);
#2765 = FACE_BOUND('',#2766,.T.);
#2766 = EDGE_LOOP('',(#2767,#2768,#2774,#2775));
#2767 = ORIENTED_EDGE('',*,*,#185,.T.);
#2768 = ORIENTED_EDGE('',*,*,#2769,.T.);
#2769 = EDGE_CURVE('',#186,#1468,#2770,.T.);
#2770 = LINE('',#2771,#2772);
#2771 = CARTESIAN_POINT('',(65.698,-161.725,-4.6E-02));
#2772 = VECTOR('',#2773,1.);
#2773 = DIRECTION('',(0.,0.,1.));
#2774 = ORIENTED_EDGE('',*,*,#1467,.F.);
#2775 = ORIENTED_EDGE('',*,*,#2769,.F.);
#2776 = CYLINDRICAL_SURFACE('',#2777,1.725);
#2777 = AXIS2_PLACEMENT_3D('',#2778,#2779,#2780);
#2778 = CARTESIAN_POINT('',(65.698,-160.,-4.6E-02));
#2779 = DIRECTION('',(-0.,-0.,-1.));
#2780 = DIRECTION('',(-8.238176646494E-15,-1.,0.));
#2781 = ADVANCED_FACE('',(#2782),#2793,.F.);
#2782 = FACE_BOUND('',#2783,.T.);
#2783 = EDGE_LOOP('',(#2784,#2785,#2791,#2792));
#2784 = ORIENTED_EDGE('',*,*,#196,.T.);
#2785 = ORIENTED_EDGE('',*,*,#2786,.T.);
#2786 = EDGE_CURVE('',#197,#1479,#2787,.T.);
#2787 = LINE('',#2788,#2789);
#2788 = CARTESIAN_POINT('',(71.198,-160.95,-4.6E-02));
#2789 = VECTOR('',#2790,1.);
#2790 = DIRECTION('',(0.,0.,1.));
#2791 = ORIENTED_EDGE('',*,*,#1478,.F.);
#2792 = ORIENTED_EDGE('',*,*,#2786,.F.);
#2793 = CYLINDRICAL_SURFACE('',#2794,0.95);
#2794 = AXIS2_PLACEMENT_3D('',#2795,#2796,#2797);
#2795 = CARTESIAN_POINT('',(71.198,-160.,-4.6E-02));
#2796 = DIRECTION('',(-0.,-0.,-1.));
#2797 = DIRECTION('',(-1.495879443705E-14,-1.,0.));
#2798 = ADVANCED_FACE('',(#2799),#2810,.F.);
#2799 = FACE_BOUND('',#2800,.T.);
#2800 = EDGE_LOOP('',(#2801,#2802,#2808,#2809));
#2801 = ORIENTED_EDGE('',*,*,#207,.T.);
#2802 = ORIENTED_EDGE('',*,*,#2803,.T.);
#2803 = EDGE_CURVE('',#208,#1490,#2804,.T.);
#2804 = LINE('',#2805,#2806);
#2805 = CARTESIAN_POINT('',(56.73,-146.5,-4.6E-02));
#2806 = VECTOR('',#2807,1.);
#2807 = DIRECTION('',(0.,0.,1.));
#2808 = ORIENTED_EDGE('',*,*,#1489,.F.);
#2809 = ORIENTED_EDGE('',*,*,#2803,.F.);
#2810 = CYLINDRICAL_SURFACE('',#2811,0.6);
#2811 = AXIS2_PLACEMENT_3D('',#2812,#2813,#2814);
#2812 = CARTESIAN_POINT('',(56.73,-145.9,-4.6E-02));
#2813 = DIRECTION('',(-0.,-0.,-1.));
#2814 = DIRECTION('',(-1.184237892933E-14,-1.,0.));
#2815 = ADVANCED_FACE('',(#2816),#2827,.F.);
#2816 = FACE_BOUND('',#2817,.T.);
#2817 = EDGE_LOOP('',(#2818,#2819,#2825,#2826));
#2818 = ORIENTED_EDGE('',*,*,#218,.T.);
#2819 = ORIENTED_EDGE('',*,*,#2820,.T.);
#2820 = EDGE_CURVE('',#219,#1501,#2821,.T.);
#2821 = LINE('',#2822,#2823);
#2822 = CARTESIAN_POINT('',(75.438,-146.5,-4.6E-02));
#2823 = VECTOR('',#2824,1.);
#2824 = DIRECTION('',(0.,0.,1.));
#2825 = ORIENTED_EDGE('',*,*,#1500,.F.);
#2826 = ORIENTED_EDGE('',*,*,#2820,.F.);
#2827 = CYLINDRICAL_SURFACE('',#2828,0.6);
#2828 = AXIS2_PLACEMENT_3D('',#2829,#2830,#2831);
#2829 = CARTESIAN_POINT('',(75.438,-145.9,-4.6E-02));
#2830 = DIRECTION('',(-0.,0.,-1.));
#2831 = DIRECTION('',(2.368475785867E-14,-1.,-0.));
#2832 = ADVANCED_FACE('',(#2833),#2844,.F.);
#2833 = FACE_BOUND('',#2834,.T.);
#2834 = EDGE_LOOP('',(#2835,#2836,#2842,#2843));
#2835 = ORIENTED_EDGE('',*,*,#229,.T.);
#2836 = ORIENTED_EDGE('',*,*,#2837,.T.);
#2837 = EDGE_CURVE('',#230,#1512,#2838,.T.);
#2838 = LINE('',#2839,#2840);
#2839 = CARTESIAN_POINT('',(89.146,-164.4,-4.6E-02));
#2840 = VECTOR('',#2841,1.);
#2841 = DIRECTION('',(0.,0.,1.));
#2842 = ORIENTED_EDGE('',*,*,#1511,.F.);
#2843 = ORIENTED_EDGE('',*,*,#2837,.F.);
#2844 = CYLINDRICAL_SURFACE('',#2845,0.6);
#2845 = AXIS2_PLACEMENT_3D('',#2846,#2847,#2848);
#2846 = CARTESIAN_POINT('',(89.146,-163.8,-4.6E-02));
#2847 = DIRECTION('',(-0.,-0.,-1.));
#2848 = DIRECTION('',(-0.,-1.,0.));
#2849 = ADVANCED_FACE('',(#2850),#2861,.F.);
#2850 = FACE_BOUND('',#2851,.T.);
#2851 = EDGE_LOOP('',(#2852,#2853,#2859,#2860));
#2852 = ORIENTED_EDGE('',*,*,#240,.T.);
#2853 = ORIENTED_EDGE('',*,*,#2854,.T.);
#2854 = EDGE_CURVE('',#241,#1523,#2855,.T.);
#2855 = LINE('',#2856,#2857);
#2856 = CARTESIAN_POINT('',(88.646,-160.95,-4.6E-02));
#2857 = VECTOR('',#2858,1.);
#2858 = DIRECTION('',(0.,0.,1.));
#2859 = ORIENTED_EDGE('',*,*,#1522,.F.);
#2860 = ORIENTED_EDGE('',*,*,#2854,.F.);
#2861 = CYLINDRICAL_SURFACE('',#2862,0.95);
#2862 = AXIS2_PLACEMENT_3D('',#2863,#2864,#2865);
#2863 = CARTESIAN_POINT('',(88.646,-160.,-4.6E-02));
#2864 = DIRECTION('',(-0.,-0.,-1.));
#2865 = DIRECTION('',(-0.,-1.,0.));
#2866 = ADVANCED_FACE('',(#2867),#2878,.F.);
#2867 = FACE_BOUND('',#2868,.T.);
#2868 = EDGE_LOOP('',(#2869,#2870,#2876,#2877));
#2869 = ORIENTED_EDGE('',*,*,#251,.T.);
#2870 = ORIENTED_EDGE('',*,*,#2871,.T.);
#2871 = EDGE_CURVE('',#252,#1534,#2872,.T.);
#2872 = LINE('',#2873,#2874);
#2873 = CARTESIAN_POINT('',(94.146,-166.5,-4.6E-02));
#2874 = VECTOR('',#2875,1.);
#2875 = DIRECTION('',(0.,0.,1.));
#2876 = ORIENTED_EDGE('',*,*,#1533,.F.);
#2877 = ORIENTED_EDGE('',*,*,#2871,.F.);
#2878 = CYLINDRICAL_SURFACE('',#2879,0.6);
#2879 = AXIS2_PLACEMENT_3D('',#2880,#2881,#2882);
#2880 = CARTESIAN_POINT('',(94.146,-165.9,-4.6E-02));
#2881 = DIRECTION('',(-0.,-0.,-1.));
#2882 = DIRECTION('',(-0.,-1.,0.));
#2883 = ADVANCED_FACE('',(#2884),#2895,.F.);
#2884 = FACE_BOUND('',#2885,.T.);
#2885 = EDGE_LOOP('',(#2886,#2887,#2893,#2894));
#2886 = ORIENTED_EDGE('',*,*,#262,.T.);
#2887 = ORIENTED_EDGE('',*,*,#2888,.T.);
#2888 = EDGE_CURVE('',#263,#1545,#2889,.T.);
#2889 = LINE('',#2890,#2891);
#2890 = CARTESIAN_POINT('',(94.146,-161.725,-4.6E-02));
#2891 = VECTOR('',#2892,1.);
#2892 = DIRECTION('',(0.,0.,1.));
#2893 = ORIENTED_EDGE('',*,*,#1544,.F.);
#2894 = ORIENTED_EDGE('',*,*,#2888,.F.);
#2895 = CYLINDRICAL_SURFACE('',#2896,1.725);
#2896 = AXIS2_PLACEMENT_3D('',#2897,#2898,#2899);
#2897 = CARTESIAN_POINT('',(94.146,-160.,-4.6E-02));
#2898 = DIRECTION('',(-0.,-0.,-1.));
#2899 = DIRECTION('',(-0.,-1.,0.));
#2900 = ADVANCED_FACE('',(#2901),#2912,.F.);
#2901 = FACE_BOUND('',#2902,.T.);
#2902 = EDGE_LOOP('',(#2903,#2904,#2910,#2911));
#2903 = ORIENTED_EDGE('',*,*,#273,.T.);
#2904 = ORIENTED_EDGE('',*,*,#2905,.T.);
#2905 = EDGE_CURVE('',#274,#1556,#2906,.T.);
#2906 = LINE('',#2907,#2908);
#2907 = CARTESIAN_POINT('',(99.646,-160.95,-4.6E-02));
#2908 = VECTOR('',#2909,1.);
#2909 = DIRECTION('',(0.,0.,1.));
#2910 = ORIENTED_EDGE('',*,*,#1555,.F.);
#2911 = ORIENTED_EDGE('',*,*,#2905,.F.);
#2912 = CYLINDRICAL_SURFACE('',#2913,0.95);
#2913 = AXIS2_PLACEMENT_3D('',#2914,#2915,#2916);
#2914 = CARTESIAN_POINT('',(99.646,-160.,-4.6E-02));
#2915 = DIRECTION('',(-0.,-0.,-1.));
#2916 = DIRECTION('',(-0.,-1.,0.));
#2917 = ADVANCED_FACE('',(#2918),#2929,.F.);
#2918 = FACE_BOUND('',#2919,.T.);
#2919 = EDGE_LOOP('',(#2920,#2921,#2927,#2928));
#2920 = ORIENTED_EDGE('',*,*,#284,.T.);
#2921 = ORIENTED_EDGE('',*,*,#2922,.T.);
#2922 = EDGE_CURVE('',#285,#1567,#2923,.T.);
#2923 = LINE('',#2924,#2925);
#2924 = CARTESIAN_POINT('',(94.234,-146.5,-4.6E-02));
#2925 = VECTOR('',#2926,1.);
#2926 = DIRECTION('',(0.,0.,1.));
#2927 = ORIENTED_EDGE('',*,*,#1566,.F.);
#2928 = ORIENTED_EDGE('',*,*,#2922,.F.);
#2929 = CYLINDRICAL_SURFACE('',#2930,0.6);
#2930 = AXIS2_PLACEMENT_3D('',#2931,#2932,#2933);
#2931 = CARTESIAN_POINT('',(94.234,-145.9,-4.6E-02));
#2932 = DIRECTION('',(-0.,-0.,-1.));
#2933 = DIRECTION('',(-2.368475785867E-14,-1.,0.));
#2934 = ADVANCED_FACE('',(#2935),#2946,.F.);
#2935 = FACE_BOUND('',#2936,.T.);
#2936 = EDGE_LOOP('',(#2937,#2938,#2944,#2945));
#2937 = ORIENTED_EDGE('',*,*,#295,.T.);
#2938 = ORIENTED_EDGE('',*,*,#2939,.T.);
#2939 = EDGE_CURVE('',#296,#1578,#2940,.T.);
#2940 = LINE('',#2941,#2942);
#2941 = CARTESIAN_POINT('',(51.73,-144.4,-4.6E-02));
#2942 = VECTOR('',#2943,1.);
#2943 = DIRECTION('',(0.,0.,1.));
#2944 = ORIENTED_EDGE('',*,*,#1577,.F.);
#2945 = ORIENTED_EDGE('',*,*,#2939,.F.);
#2946 = CYLINDRICAL_SURFACE('',#2947,0.6);
#2947 = AXIS2_PLACEMENT_3D('',#2948,#2949,#2950);
#2948 = CARTESIAN_POINT('',(51.73,-143.8,-4.6E-02));
#2949 = DIRECTION('',(-0.,-0.,-1.));
#2950 = DIRECTION('',(-1.184237892934E-14,-1.,0.));
#2951 = ADVANCED_FACE('',(#2952),#2963,.F.);
#2952 = FACE_BOUND('',#2953,.T.);
#2953 = EDGE_LOOP('',(#2954,#2955,#2961,#2962));
#2954 = ORIENTED_EDGE('',*,*,#306,.T.);
#2955 = ORIENTED_EDGE('',*,*,#2956,.T.);
#2956 = EDGE_CURVE('',#307,#1589,#2957,.T.);
#2957 = LINE('',#2958,#2959);
#2958 = CARTESIAN_POINT('',(51.23,-140.95,-4.6E-02));
#2959 = VECTOR('',#2960,1.);
#2960 = DIRECTION('',(0.,0.,1.));
#2961 = ORIENTED_EDGE('',*,*,#1588,.F.);
#2962 = ORIENTED_EDGE('',*,*,#2956,.F.);
#2963 = CYLINDRICAL_SURFACE('',#2964,0.95);
#2964 = AXIS2_PLACEMENT_3D('',#2965,#2966,#2967);
#2965 = CARTESIAN_POINT('',(51.23,-140.,-4.6E-02));
#2966 = DIRECTION('',(-0.,-0.,-1.));
#2967 = DIRECTION('',(-7.479397218527E-15,-1.,0.));
#2968 = ADVANCED_FACE('',(#2969),#2980,.F.);
#2969 = FACE_BOUND('',#2970,.T.);
#2970 = EDGE_LOOP('',(#2971,#2972,#2978,#2979));
#2971 = ORIENTED_EDGE('',*,*,#317,.T.);
#2972 = ORIENTED_EDGE('',*,*,#2973,.T.);
#2973 = EDGE_CURVE('',#318,#1600,#2974,.T.);
#2974 = LINE('',#2975,#2976);
#2975 = CARTESIAN_POINT('',(56.73,-141.725,-4.6E-02));
#2976 = VECTOR('',#2977,1.);
#2977 = DIRECTION('',(0.,0.,1.));
#2978 = ORIENTED_EDGE('',*,*,#1599,.F.);
#2979 = ORIENTED_EDGE('',*,*,#2973,.F.);
#2980 = CYLINDRICAL_SURFACE('',#2981,1.725);
#2981 = AXIS2_PLACEMENT_3D('',#2982,#2983,#2984);
#2982 = CARTESIAN_POINT('',(56.73,-140.,-4.6E-02));
#2983 = DIRECTION('',(-0.,-0.,-1.));
#2984 = DIRECTION('',(-4.119088323247E-15,-1.,0.));
#2985 = ADVANCED_FACE('',(#2986),#2997,.F.);
#2986 = FACE_BOUND('',#2987,.T.);
#2987 = EDGE_LOOP('',(#2988,#2989,#2995,#2996));
#2988 = ORIENTED_EDGE('',*,*,#328,.T.);
#2989 = ORIENTED_EDGE('',*,*,#2990,.T.);
#2990 = EDGE_CURVE('',#329,#1611,#2991,.T.);
#2991 = LINE('',#2992,#2993);
#2992 = CARTESIAN_POINT('',(62.23,-140.95,-4.6E-02));
#2993 = VECTOR('',#2994,1.);
#2994 = DIRECTION('',(0.,0.,1.));
#2995 = ORIENTED_EDGE('',*,*,#1610,.F.);
#2996 = ORIENTED_EDGE('',*,*,#2990,.F.);
#2997 = CYLINDRICAL_SURFACE('',#2998,0.95);
#2998 = AXIS2_PLACEMENT_3D('',#2999,#3000,#3001);
#2999 = CARTESIAN_POINT('',(62.23,-140.,-4.6E-02));
#3000 = DIRECTION('',(-0.,-0.,-1.));
#3001 = DIRECTION('',(-7.479397218527E-15,-1.,0.));
#3002 = ADVANCED_FACE('',(#3003),#3014,.F.);
#3003 = FACE_BOUND('',#3004,.T.);
#3004 = EDGE_LOOP('',(#3005,#3006,#3012,#3013));
#3005 = ORIENTED_EDGE('',*,*,#339,.T.);
#3006 = ORIENTED_EDGE('',*,*,#3007,.T.);
#3007 = EDGE_CURVE('',#340,#1622,#3008,.T.);
#3008 = LINE('',#3009,#3010);
#3009 = CARTESIAN_POINT('',(69.938,-140.95,-4.6E-02));
#3010 = VECTOR('',#3011,1.);
#3011 = DIRECTION('',(0.,0.,1.));
#3012 = ORIENTED_EDGE('',*,*,#1621,.F.);
#3013 = ORIENTED_EDGE('',*,*,#3007,.F.);
#3014 = CYLINDRICAL_SURFACE('',#3015,0.95);
#3015 = AXIS2_PLACEMENT_3D('',#3016,#3017,#3018);
#3016 = CARTESIAN_POINT('',(69.938,-140.,-4.6E-02));
#3017 = DIRECTION('',(-0.,-0.,-1.));
#3018 = DIRECTION('',(-0.,-1.,0.));
#3019 = ADVANCED_FACE('',(#3020),#3031,.F.);
#3020 = FACE_BOUND('',#3021,.T.);
#3021 = EDGE_LOOP('',(#3022,#3023,#3029,#3030));
#3022 = ORIENTED_EDGE('',*,*,#350,.T.);
#3023 = ORIENTED_EDGE('',*,*,#3024,.T.);
#3024 = EDGE_CURVE('',#351,#1633,#3025,.T.);
#3025 = LINE('',#3026,#3027);
#3026 = CARTESIAN_POINT('',(70.438,-144.4,-4.6E-02));
#3027 = VECTOR('',#3028,1.);
#3028 = DIRECTION('',(0.,0.,1.));
#3029 = ORIENTED_EDGE('',*,*,#1632,.F.);
#3030 = ORIENTED_EDGE('',*,*,#3024,.F.);
#3031 = CYLINDRICAL_SURFACE('',#3032,0.6);
#3032 = AXIS2_PLACEMENT_3D('',#3033,#3034,#3035);
#3033 = CARTESIAN_POINT('',(70.438,-143.8,-4.6E-02));
#3034 = DIRECTION('',(-0.,0.,-1.));
#3035 = DIRECTION('',(2.368475785867E-14,-1.,-0.));
#3036 = ADVANCED_FACE('',(#3037),#3048,.F.);
#3037 = FACE_BOUND('',#3038,.T.);
#3038 = EDGE_LOOP('',(#3039,#3040,#3046,#3047));
#3039 = ORIENTED_EDGE('',*,*,#361,.T.);
#3040 = ORIENTED_EDGE('',*,*,#3041,.T.);
#3041 = EDGE_CURVE('',#362,#1644,#3042,.T.);
#3042 = LINE('',#3043,#3044);
#3043 = CARTESIAN_POINT('',(75.438,-141.725,-4.6E-02));
#3044 = VECTOR('',#3045,1.);
#3045 = DIRECTION('',(0.,0.,1.));
#3046 = ORIENTED_EDGE('',*,*,#1643,.F.);
#3047 = ORIENTED_EDGE('',*,*,#3041,.F.);
#3048 = CYLINDRICAL_SURFACE('',#3049,1.725);
#3049 = AXIS2_PLACEMENT_3D('',#3050,#3051,#3052);
#3050 = CARTESIAN_POINT('',(75.438,-140.,-4.6E-02));
#3051 = DIRECTION('',(-0.,0.,-1.));
#3052 = DIRECTION('',(8.238176646494E-15,-1.,-0.));
#3053 = ADVANCED_FACE('',(#3054),#3065,.F.);
#3054 = FACE_BOUND('',#3055,.T.);
#3055 = EDGE_LOOP('',(#3056,#3057,#3063,#3064));
#3056 = ORIENTED_EDGE('',*,*,#372,.T.);
#3057 = ORIENTED_EDGE('',*,*,#3058,.T.);
#3058 = EDGE_CURVE('',#373,#1655,#3059,.T.);
#3059 = LINE('',#3060,#3061);
#3060 = CARTESIAN_POINT('',(56.73,-126.5,-4.6E-02));
#3061 = VECTOR('',#3062,1.);
#3062 = DIRECTION('',(0.,0.,1.));
#3063 = ORIENTED_EDGE('',*,*,#1654,.F.);
#3064 = ORIENTED_EDGE('',*,*,#3058,.F.);
#3065 = CYLINDRICAL_SURFACE('',#3066,0.6);
#3066 = AXIS2_PLACEMENT_3D('',#3067,#3068,#3069);
#3067 = CARTESIAN_POINT('',(56.73,-125.9,-4.6E-02));
#3068 = DIRECTION('',(-0.,-0.,-1.));
#3069 = DIRECTION('',(-1.184237892934E-14,-1.,0.));
#3070 = ADVANCED_FACE('',(#3071),#3082,.F.);
#3071 = FACE_BOUND('',#3072,.T.);
#3072 = EDGE_LOOP('',(#3073,#3074,#3080,#3081));
#3073 = ORIENTED_EDGE('',*,*,#383,.T.);
#3074 = ORIENTED_EDGE('',*,*,#3075,.T.);
#3075 = EDGE_CURVE('',#384,#1666,#3076,.T.);
#3076 = LINE('',#3077,#3078);
#3077 = CARTESIAN_POINT('',(51.73,-124.4,-4.6E-02));
#3078 = VECTOR('',#3079,1.);
#3079 = DIRECTION('',(0.,0.,1.));
#3080 = ORIENTED_EDGE('',*,*,#1665,.F.);
#3081 = ORIENTED_EDGE('',*,*,#3075,.F.);
#3082 = CYLINDRICAL_SURFACE('',#3083,0.6);
#3083 = AXIS2_PLACEMENT_3D('',#3084,#3085,#3086);
#3084 = CARTESIAN_POINT('',(51.73,-123.8,-4.6E-02));
#3085 = DIRECTION('',(-0.,-0.,-1.));
#3086 = DIRECTION('',(-1.184237892933E-14,-1.,0.));
#3087 = ADVANCED_FACE('',(#3088),#3099,.F.);
#3088 = FACE_BOUND('',#3089,.T.);
#3089 = EDGE_LOOP('',(#3090,#3091,#3097,#3098));
#3090 = ORIENTED_EDGE('',*,*,#394,.T.);
#3091 = ORIENTED_EDGE('',*,*,#3092,.T.);
#3092 = EDGE_CURVE('',#395,#1677,#3093,.T.);
#3093 = LINE('',#3094,#3095);
#3094 = CARTESIAN_POINT('',(75.438,-126.5,-4.6E-02));
#3095 = VECTOR('',#3096,1.);
#3096 = DIRECTION('',(0.,0.,1.));
#3097 = ORIENTED_EDGE('',*,*,#1676,.F.);
#3098 = ORIENTED_EDGE('',*,*,#3092,.F.);
#3099 = CYLINDRICAL_SURFACE('',#3100,0.6);
#3100 = AXIS2_PLACEMENT_3D('',#3101,#3102,#3103);
#3101 = CARTESIAN_POINT('',(75.438,-125.9,-4.6E-02));
#3102 = DIRECTION('',(-0.,0.,-1.));
#3103 = DIRECTION('',(2.368475785867E-14,-1.,-0.));
#3104 = ADVANCED_FACE('',(#3105),#3116,.F.);
#3105 = FACE_BOUND('',#3106,.T.);
#3106 = EDGE_LOOP('',(#3107,#3108,#3114,#3115));
#3107 = ORIENTED_EDGE('',*,*,#405,.T.);
#3108 = ORIENTED_EDGE('',*,*,#3109,.T.);
#3109 = EDGE_CURVE('',#406,#1688,#3110,.T.);
#3110 = LINE('',#3111,#3112);
#3111 = CARTESIAN_POINT('',(70.438,-124.4,-4.6E-02));
#3112 = VECTOR('',#3113,1.);
#3113 = DIRECTION('',(0.,0.,1.));
#3114 = ORIENTED_EDGE('',*,*,#1687,.F.);
#3115 = ORIENTED_EDGE('',*,*,#3109,.F.);
#3116 = CYLINDRICAL_SURFACE('',#3117,0.6);
#3117 = AXIS2_PLACEMENT_3D('',#3118,#3119,#3120);
#3118 = CARTESIAN_POINT('',(70.438,-123.8,-4.6E-02));
#3119 = DIRECTION('',(-0.,0.,-1.));
#3120 = DIRECTION('',(2.368475785867E-14,-1.,-0.));
#3121 = ADVANCED_FACE('',(#3122),#3133,.F.);
#3122 = FACE_BOUND('',#3123,.T.);
#3123 = EDGE_LOOP('',(#3124,#3125,#3131,#3132));
#3124 = ORIENTED_EDGE('',*,*,#416,.T.);
#3125 = ORIENTED_EDGE('',*,*,#3126,.T.);
#3126 = EDGE_CURVE('',#417,#1699,#3127,.T.);
#3127 = LINE('',#3128,#3129);
#3128 = CARTESIAN_POINT('',(80.938,-140.95,-4.6E-02));
#3129 = VECTOR('',#3130,1.);
#3130 = DIRECTION('',(0.,0.,1.));
#3131 = ORIENTED_EDGE('',*,*,#1698,.F.);
#3132 = ORIENTED_EDGE('',*,*,#3126,.F.);
#3133 = CYLINDRICAL_SURFACE('',#3134,0.95);
#3134 = AXIS2_PLACEMENT_3D('',#3135,#3136,#3137);
#3135 = CARTESIAN_POINT('',(80.938,-140.,-4.6E-02));
#3136 = DIRECTION('',(-0.,-0.,-1.));
#3137 = DIRECTION('',(-0.,-1.,0.));
#3138 = ADVANCED_FACE('',(#3139),#3150,.F.);
#3139 = FACE_BOUND('',#3140,.T.);
#3140 = EDGE_LOOP('',(#3141,#3142,#3148,#3149));
#3141 = ORIENTED_EDGE('',*,*,#427,.T.);
#3142 = ORIENTED_EDGE('',*,*,#3143,.T.);
#3143 = EDGE_CURVE('',#428,#1710,#3144,.T.);
#3144 = LINE('',#3145,#3146);
#3145 = CARTESIAN_POINT('',(89.234,-144.4,-4.6E-02));
#3146 = VECTOR('',#3147,1.);
#3147 = DIRECTION('',(0.,0.,1.));
#3148 = ORIENTED_EDGE('',*,*,#1709,.F.);
#3149 = ORIENTED_EDGE('',*,*,#3143,.F.);
#3150 = CYLINDRICAL_SURFACE('',#3151,0.6);
#3151 = AXIS2_PLACEMENT_3D('',#3152,#3153,#3154);
#3152 = CARTESIAN_POINT('',(89.234,-143.8,-4.6E-02));
#3153 = DIRECTION('',(-0.,-0.,-1.));
#3154 = DIRECTION('',(-2.368475785867E-14,-1.,0.));
#3155 = ADVANCED_FACE('',(#3156),#3167,.F.);
#3156 = FACE_BOUND('',#3157,.T.);
#3157 = EDGE_LOOP('',(#3158,#3159,#3165,#3166));
#3158 = ORIENTED_EDGE('',*,*,#438,.T.);
#3159 = ORIENTED_EDGE('',*,*,#3160,.T.);
#3160 = EDGE_CURVE('',#439,#1721,#3161,.T.);
#3161 = LINE('',#3162,#3163);
#3162 = CARTESIAN_POINT('',(88.734,-140.95,-4.6E-02));
#3163 = VECTOR('',#3164,1.);
#3164 = DIRECTION('',(0.,0.,1.));
#3165 = ORIENTED_EDGE('',*,*,#1720,.F.);
#3166 = ORIENTED_EDGE('',*,*,#3160,.F.);
#3167 = CYLINDRICAL_SURFACE('',#3168,0.95);
#3168 = AXIS2_PLACEMENT_3D('',#3169,#3170,#3171);
#3169 = CARTESIAN_POINT('',(88.734,-140.,-4.6E-02));
#3170 = DIRECTION('',(-0.,-0.,-1.));
#3171 = DIRECTION('',(-1.495879443705E-14,-1.,0.));
#3172 = ADVANCED_FACE('',(#3173),#3184,.F.);
#3173 = FACE_BOUND('',#3174,.T.);
#3174 = EDGE_LOOP('',(#3175,#3176,#3182,#3183));
#3175 = ORIENTED_EDGE('',*,*,#449,.T.);
#3176 = ORIENTED_EDGE('',*,*,#3177,.T.);
#3177 = EDGE_CURVE('',#450,#1732,#3178,.T.);
#3178 = LINE('',#3179,#3180);
#3179 = CARTESIAN_POINT('',(94.234,-141.725,-4.6E-02));
#3180 = VECTOR('',#3181,1.);
#3181 = DIRECTION('',(0.,0.,1.));
#3182 = ORIENTED_EDGE('',*,*,#1731,.F.);
#3183 = ORIENTED_EDGE('',*,*,#3177,.F.);
#3184 = CYLINDRICAL_SURFACE('',#3185,1.725);
#3185 = AXIS2_PLACEMENT_3D('',#3186,#3187,#3188);
#3186 = CARTESIAN_POINT('',(94.234,-140.,-4.6E-02));
#3187 = DIRECTION('',(-0.,-0.,-1.));
#3188 = DIRECTION('',(-8.238176646494E-15,-1.,0.));
#3189 = ADVANCED_FACE('',(#3190),#3201,.F.);
#3190 = FACE_BOUND('',#3191,.T.);
#3191 = EDGE_LOOP('',(#3192,#3193,#3199,#3200));
#3192 = ORIENTED_EDGE('',*,*,#460,.T.);
#3193 = ORIENTED_EDGE('',*,*,#3194,.T.);
#3194 = EDGE_CURVE('',#461,#1743,#3195,.T.);
#3195 = LINE('',#3196,#3197);
#3196 = CARTESIAN_POINT('',(99.734,-140.95,-4.6E-02));
#3197 = VECTOR('',#3198,1.);
#3198 = DIRECTION('',(0.,0.,1.));
#3199 = ORIENTED_EDGE('',*,*,#1742,.F.);
#3200 = ORIENTED_EDGE('',*,*,#3194,.F.);
#3201 = CYLINDRICAL_SURFACE('',#3202,0.95);
#3202 = AXIS2_PLACEMENT_3D('',#3203,#3204,#3205);
#3203 = CARTESIAN_POINT('',(99.734,-140.,-4.6E-02));
#3204 = DIRECTION('',(-0.,-0.,-1.));
#3205 = DIRECTION('',(-1.495879443705E-14,-1.,0.));
#3206 = ADVANCED_FACE('',(#3207),#3218,.F.);
#3207 = FACE_BOUND('',#3208,.T.);
#3208 = EDGE_LOOP('',(#3209,#3210,#3216,#3217));
#3209 = ORIENTED_EDGE('',*,*,#471,.T.);
#3210 = ORIENTED_EDGE('',*,*,#3211,.T.);
#3211 = EDGE_CURVE('',#472,#1754,#3212,.T.);
#3212 = LINE('',#3213,#3214);
#3213 = CARTESIAN_POINT('',(89.146,-124.4,-4.6E-02));
#3214 = VECTOR('',#3215,1.);
#3215 = DIRECTION('',(0.,0.,1.));
#3216 = ORIENTED_EDGE('',*,*,#1753,.F.);
#3217 = ORIENTED_EDGE('',*,*,#3211,.F.);
#3218 = CYLINDRICAL_SURFACE('',#3219,0.6);
#3219 = AXIS2_PLACEMENT_3D('',#3220,#3221,#3222);
#3220 = CARTESIAN_POINT('',(89.146,-123.8,-4.6E-02));
#3221 = DIRECTION('',(-0.,-0.,-1.));
#3222 = DIRECTION('',(-0.,-1.,0.));
#3223 = ADVANCED_FACE('',(#3224),#3235,.F.);
#3224 = FACE_BOUND('',#3225,.T.);
#3225 = EDGE_LOOP('',(#3226,#3227,#3233,#3234));
#3226 = ORIENTED_EDGE('',*,*,#482,.T.);
#3227 = ORIENTED_EDGE('',*,*,#3228,.T.);
#3228 = EDGE_CURVE('',#483,#1765,#3229,.T.);
#3229 = LINE('',#3230,#3231);
#3230 = CARTESIAN_POINT('',(94.146,-126.5,-4.6E-02));
#3231 = VECTOR('',#3232,1.);
#3232 = DIRECTION('',(0.,0.,1.));
#3233 = ORIENTED_EDGE('',*,*,#1764,.F.);
#3234 = ORIENTED_EDGE('',*,*,#3228,.F.);
#3235 = CYLINDRICAL_SURFACE('',#3236,0.6);
#3236 = AXIS2_PLACEMENT_3D('',#3237,#3238,#3239);
#3237 = CARTESIAN_POINT('',(94.146,-125.9,-4.6E-02));
#3238 = DIRECTION('',(-0.,-0.,-1.));
#3239 = DIRECTION('',(-0.,-1.,0.));
#3240 = ADVANCED_FACE('',(#3241),#3252,.F.);
#3241 = FACE_BOUND('',#3242,.T.);
#3242 = EDGE_LOOP('',(#3243,#3244,#3250,#3251));
#3243 = ORIENTED_EDGE('',*,*,#493,.T.);
#3244 = ORIENTED_EDGE('',*,*,#3245,.T.);
#3245 = EDGE_CURVE('',#494,#1776,#3246,.T.);
#3246 = LINE('',#3247,#3248);
#3247 = CARTESIAN_POINT('',(108.03,-164.4,-4.6E-02));
#3248 = VECTOR('',#3249,1.);
#3249 = DIRECTION('',(0.,0.,1.));
#3250 = ORIENTED_EDGE('',*,*,#1775,.F.);
#3251 = ORIENTED_EDGE('',*,*,#3245,.F.);
#3252 = CYLINDRICAL_SURFACE('',#3253,0.6);
#3253 = AXIS2_PLACEMENT_3D('',#3254,#3255,#3256);
#3254 = CARTESIAN_POINT('',(108.03,-163.8,-4.6E-02));
#3255 = DIRECTION('',(-0.,-0.,-1.));
#3256 = DIRECTION('',(-0.,-1.,0.));
#3257 = ADVANCED_FACE('',(#3258),#3269,.F.);
#3258 = FACE_BOUND('',#3259,.T.);
#3259 = EDGE_LOOP('',(#3260,#3261,#3267,#3268));
#3260 = ORIENTED_EDGE('',*,*,#504,.T.);
#3261 = ORIENTED_EDGE('',*,*,#3262,.T.);
#3262 = EDGE_CURVE('',#505,#1787,#3263,.T.);
#3263 = LINE('',#3264,#3265);
#3264 = CARTESIAN_POINT('',(113.03,-166.5,-4.6E-02));
#3265 = VECTOR('',#3266,1.);
#3266 = DIRECTION('',(0.,0.,1.));
#3267 = ORIENTED_EDGE('',*,*,#1786,.F.);
#3268 = ORIENTED_EDGE('',*,*,#3262,.F.);
#3269 = CYLINDRICAL_SURFACE('',#3270,0.6);
#3270 = AXIS2_PLACEMENT_3D('',#3271,#3272,#3273);
#3271 = CARTESIAN_POINT('',(113.03,-165.9,-4.6E-02));
#3272 = DIRECTION('',(-0.,-0.,-1.));
#3273 = DIRECTION('',(-0.,-1.,0.));
#3274 = ADVANCED_FACE('',(#3275),#3286,.F.);
#3275 = FACE_BOUND('',#3276,.T.);
#3276 = EDGE_LOOP('',(#3277,#3278,#3284,#3285));
#3277 = ORIENTED_EDGE('',*,*,#515,.T.);
#3278 = ORIENTED_EDGE('',*,*,#3279,.T.);
#3279 = EDGE_CURVE('',#516,#1798,#3280,.T.);
#3280 = LINE('',#3281,#3282);
#3281 = CARTESIAN_POINT('',(107.53,-160.95,-4.6E-02));
#3282 = VECTOR('',#3283,1.);
#3283 = DIRECTION('',(0.,0.,1.));
#3284 = ORIENTED_EDGE('',*,*,#1797,.F.);
#3285 = ORIENTED_EDGE('',*,*,#3279,.F.);
#3286 = CYLINDRICAL_SURFACE('',#3287,0.95);
#3287 = AXIS2_PLACEMENT_3D('',#3288,#3289,#3290);
#3288 = CARTESIAN_POINT('',(107.53,-160.,-4.6E-02));
#3289 = DIRECTION('',(-0.,-0.,-1.));
#3290 = DIRECTION('',(-0.,-1.,0.));
#3291 = ADVANCED_FACE('',(#3292),#3303,.F.);
#3292 = FACE_BOUND('',#3293,.T.);
#3293 = EDGE_LOOP('',(#3294,#3295,#3301,#3302));
#3294 = ORIENTED_EDGE('',*,*,#526,.T.);
#3295 = ORIENTED_EDGE('',*,*,#3296,.T.);
#3296 = EDGE_CURVE('',#527,#1809,#3297,.T.);
#3297 = LINE('',#3298,#3299);
#3298 = CARTESIAN_POINT('',(113.03,-161.725,-4.6E-02));
#3299 = VECTOR('',#3300,1.);
#3300 = DIRECTION('',(0.,0.,1.));
#3301 = ORIENTED_EDGE('',*,*,#1808,.F.);
#3302 = ORIENTED_EDGE('',*,*,#3296,.F.);
#3303 = CYLINDRICAL_SURFACE('',#3304,1.725);
#3304 = AXIS2_PLACEMENT_3D('',#3305,#3306,#3307);
#3305 = CARTESIAN_POINT('',(113.03,-160.,-4.6E-02));
#3306 = DIRECTION('',(-0.,-0.,-1.));
#3307 = DIRECTION('',(-0.,-1.,0.));
#3308 = ADVANCED_FACE('',(#3309),#3320,.F.);
#3309 = FACE_BOUND('',#3310,.T.);
#3310 = EDGE_LOOP('',(#3311,#3312,#3318,#3319));
#3311 = ORIENTED_EDGE('',*,*,#537,.T.);
#3312 = ORIENTED_EDGE('',*,*,#3313,.T.);
#3313 = EDGE_CURVE('',#538,#1820,#3314,.T.);
#3314 = LINE('',#3315,#3316);
#3315 = CARTESIAN_POINT('',(126.826,-164.4,-4.6E-02));
#3316 = VECTOR('',#3317,1.);
#3317 = DIRECTION('',(0.,0.,1.));
#3318 = ORIENTED_EDGE('',*,*,#1819,.F.);
#3319 = ORIENTED_EDGE('',*,*,#3313,.F.);
#3320 = CYLINDRICAL_SURFACE('',#3321,0.6);
#3321 = AXIS2_PLACEMENT_3D('',#3322,#3323,#3324);
#3322 = CARTESIAN_POINT('',(126.826,-163.8,-4.6E-02));
#3323 = DIRECTION('',(-0.,-0.,-1.));
#3324 = DIRECTION('',(-0.,-1.,0.));
#3325 = ADVANCED_FACE('',(#3326),#3337,.F.);
#3326 = FACE_BOUND('',#3327,.T.);
#3327 = EDGE_LOOP('',(#3328,#3329,#3335,#3336));
#3328 = ORIENTED_EDGE('',*,*,#548,.T.);
#3329 = ORIENTED_EDGE('',*,*,#3330,.T.);
#3330 = EDGE_CURVE('',#549,#1831,#3331,.T.);
#3331 = LINE('',#3332,#3333);
#3332 = CARTESIAN_POINT('',(118.53,-160.95,-4.6E-02));
#3333 = VECTOR('',#3334,1.);
#3334 = DIRECTION('',(0.,0.,1.));
#3335 = ORIENTED_EDGE('',*,*,#1830,.F.);
#3336 = ORIENTED_EDGE('',*,*,#3330,.F.);
#3337 = CYLINDRICAL_SURFACE('',#3338,0.95);
#3338 = AXIS2_PLACEMENT_3D('',#3339,#3340,#3341);
#3339 = CARTESIAN_POINT('',(118.53,-160.,-4.6E-02));
#3340 = DIRECTION('',(-0.,-0.,-1.));
#3341 = DIRECTION('',(-0.,-1.,0.));
#3342 = ADVANCED_FACE('',(#3343),#3354,.F.);
#3343 = FACE_BOUND('',#3344,.T.);
#3344 = EDGE_LOOP('',(#3345,#3346,#3352,#3353));
#3345 = ORIENTED_EDGE('',*,*,#559,.T.);
#3346 = ORIENTED_EDGE('',*,*,#3347,.T.);
#3347 = EDGE_CURVE('',#560,#1842,#3348,.T.);
#3348 = LINE('',#3349,#3350);
#3349 = CARTESIAN_POINT('',(126.326,-160.95,-4.6E-02));
#3350 = VECTOR('',#3351,1.);
#3351 = DIRECTION('',(0.,0.,1.));
#3352 = ORIENTED_EDGE('',*,*,#1841,.F.);
#3353 = ORIENTED_EDGE('',*,*,#3347,.F.);
#3354 = CYLINDRICAL_SURFACE('',#3355,0.95);
#3355 = AXIS2_PLACEMENT_3D('',#3356,#3357,#3358);
#3356 = CARTESIAN_POINT('',(126.326,-160.,-4.6E-02));
#3357 = DIRECTION('',(-0.,-0.,-1.));
#3358 = DIRECTION('',(-0.,-1.,0.));
#3359 = ADVANCED_FACE('',(#3360),#3371,.F.);
#3360 = FACE_BOUND('',#3361,.T.);
#3361 = EDGE_LOOP('',(#3362,#3363,#3369,#3370));
#3362 = ORIENTED_EDGE('',*,*,#570,.T.);
#3363 = ORIENTED_EDGE('',*,*,#3364,.T.);
#3364 = EDGE_CURVE('',#571,#1853,#3365,.T.);
#3365 = LINE('',#3366,#3367);
#3366 = CARTESIAN_POINT('',(112.864,-146.5,-4.6E-02));
#3367 = VECTOR('',#3368,1.);
#3368 = DIRECTION('',(0.,0.,1.));
#3369 = ORIENTED_EDGE('',*,*,#1852,.F.);
#3370 = ORIENTED_EDGE('',*,*,#3364,.F.);
#3371 = CYLINDRICAL_SURFACE('',#3372,0.6);
#3372 = AXIS2_PLACEMENT_3D('',#3373,#3374,#3375);
#3373 = CARTESIAN_POINT('',(112.864,-145.9,-4.6E-02));
#3374 = DIRECTION('',(-0.,-0.,-1.));
#3375 = DIRECTION('',(-0.,-1.,0.));
#3376 = ADVANCED_FACE('',(#3377),#3388,.F.);
#3377 = FACE_BOUND('',#3378,.T.);
#3378 = EDGE_LOOP('',(#3379,#3380,#3386,#3387));
#3379 = ORIENTED_EDGE('',*,*,#581,.T.);
#3380 = ORIENTED_EDGE('',*,*,#3381,.T.);
#3381 = EDGE_CURVE('',#582,#1864,#3382,.T.);
#3382 = LINE('',#3383,#3384);
#3383 = CARTESIAN_POINT('',(131.826,-166.5,-4.6E-02));
#3384 = VECTOR('',#3385,1.);
#3385 = DIRECTION('',(0.,0.,1.));
#3386 = ORIENTED_EDGE('',*,*,#1863,.F.);
#3387 = ORIENTED_EDGE('',*,*,#3381,.F.);
#3388 = CYLINDRICAL_SURFACE('',#3389,0.6);
#3389 = AXIS2_PLACEMENT_3D('',#3390,#3391,#3392);
#3390 = CARTESIAN_POINT('',(131.826,-165.9,-4.6E-02));
#3391 = DIRECTION('',(-0.,-0.,-1.));
#3392 = DIRECTION('',(-0.,-1.,0.));
#3393 = ADVANCED_FACE('',(#3394),#3405,.F.);
#3394 = FACE_BOUND('',#3395,.T.);
#3395 = EDGE_LOOP('',(#3396,#3397,#3403,#3404));
#3396 = ORIENTED_EDGE('',*,*,#592,.T.);
#3397 = ORIENTED_EDGE('',*,*,#3398,.T.);
#3398 = EDGE_CURVE('',#593,#1875,#3399,.T.);
#3399 = LINE('',#3400,#3401);
#3400 = CARTESIAN_POINT('',(131.826,-161.725,-4.6E-02));
#3401 = VECTOR('',#3402,1.);
#3402 = DIRECTION('',(0.,0.,1.));
#3403 = ORIENTED_EDGE('',*,*,#1874,.F.);
#3404 = ORIENTED_EDGE('',*,*,#3398,.F.);
#3405 = CYLINDRICAL_SURFACE('',#3406,1.725);
#3406 = AXIS2_PLACEMENT_3D('',#3407,#3408,#3409);
#3407 = CARTESIAN_POINT('',(131.826,-160.,-4.6E-02));
#3408 = DIRECTION('',(-0.,-0.,-1.));
#3409 = DIRECTION('',(-0.,-1.,0.));
#3410 = ADVANCED_FACE('',(#3411),#3422,.F.);
#3411 = FACE_BOUND('',#3412,.T.);
#3412 = EDGE_LOOP('',(#3413,#3414,#3420,#3421));
#3413 = ORIENTED_EDGE('',*,*,#603,.T.);
#3414 = ORIENTED_EDGE('',*,*,#3415,.T.);
#3415 = EDGE_CURVE('',#604,#1886,#3416,.T.);
#3416 = LINE('',#3417,#3418);
#3417 = CARTESIAN_POINT('',(137.326,-160.95,-4.6E-02));
#3418 = VECTOR('',#3419,1.);
#3419 = DIRECTION('',(0.,0.,1.));
#3420 = ORIENTED_EDGE('',*,*,#1885,.F.);
#3421 = ORIENTED_EDGE('',*,*,#3415,.F.);
#3422 = CYLINDRICAL_SURFACE('',#3423,0.95);
#3423 = AXIS2_PLACEMENT_3D('',#3424,#3425,#3426);
#3424 = CARTESIAN_POINT('',(137.326,-160.,-4.6E-02));
#3425 = DIRECTION('',(-0.,-0.,-1.));
#3426 = DIRECTION('',(-2.991758887411E-14,-1.,0.));
#3427 = ADVANCED_FACE('',(#3428),#3439,.F.);
#3428 = FACE_BOUND('',#3429,.T.);
#3429 = EDGE_LOOP('',(#3430,#3431,#3437,#3438));
#3430 = ORIENTED_EDGE('',*,*,#614,.T.);
#3431 = ORIENTED_EDGE('',*,*,#3432,.T.);
#3432 = EDGE_CURVE('',#615,#1897,#3433,.T.);
#3433 = LINE('',#3434,#3435);
#3434 = CARTESIAN_POINT('',(145.368,-164.4,-4.6E-02));
#3435 = VECTOR('',#3436,1.);
#3436 = DIRECTION('',(0.,0.,1.));
#3437 = ORIENTED_EDGE('',*,*,#1896,.F.);
#3438 = ORIENTED_EDGE('',*,*,#3432,.F.);
#3439 = CYLINDRICAL_SURFACE('',#3440,0.6);
#3440 = AXIS2_PLACEMENT_3D('',#3441,#3442,#3443);
#3441 = CARTESIAN_POINT('',(145.368,-163.8,-4.6E-02));
#3442 = DIRECTION('',(-0.,-0.,-1.));
#3443 = DIRECTION('',(-0.,-1.,0.));
#3444 = ADVANCED_FACE('',(#3445),#3456,.F.);
#3445 = FACE_BOUND('',#3446,.T.);
#3446 = EDGE_LOOP('',(#3447,#3448,#3454,#3455));
#3447 = ORIENTED_EDGE('',*,*,#625,.T.);
#3448 = ORIENTED_EDGE('',*,*,#3449,.T.);
#3449 = EDGE_CURVE('',#626,#1908,#3450,.T.);
#3450 = LINE('',#3451,#3452);
#3451 = CARTESIAN_POINT('',(150.368,-166.5,-4.6E-02));
#3452 = VECTOR('',#3453,1.);
#3453 = DIRECTION('',(0.,0.,1.));
#3454 = ORIENTED_EDGE('',*,*,#1907,.F.);
#3455 = ORIENTED_EDGE('',*,*,#3449,.F.);
#3456 = CYLINDRICAL_SURFACE('',#3457,0.6);
#3457 = AXIS2_PLACEMENT_3D('',#3458,#3459,#3460);
#3458 = CARTESIAN_POINT('',(150.368,-165.9,-4.6E-02));
#3459 = DIRECTION('',(-0.,-0.,-1.));
#3460 = DIRECTION('',(-0.,-1.,0.));
#3461 = ADVANCED_FACE('',(#3462),#3473,.F.);
#3462 = FACE_BOUND('',#3463,.T.);
#3463 = EDGE_LOOP('',(#3464,#3465,#3471,#3472));
#3464 = ORIENTED_EDGE('',*,*,#636,.T.);
#3465 = ORIENTED_EDGE('',*,*,#3466,.T.);
#3466 = EDGE_CURVE('',#637,#1919,#3467,.T.);
#3467 = LINE('',#3468,#3469);
#3468 = CARTESIAN_POINT('',(144.868,-160.95,-4.6E-02));
#3469 = VECTOR('',#3470,1.);
#3470 = DIRECTION('',(0.,0.,1.));
#3471 = ORIENTED_EDGE('',*,*,#1918,.F.);
#3472 = ORIENTED_EDGE('',*,*,#3466,.F.);
#3473 = CYLINDRICAL_SURFACE('',#3474,0.95);
#3474 = AXIS2_PLACEMENT_3D('',#3475,#3476,#3477);
#3475 = CARTESIAN_POINT('',(144.868,-160.,-4.6E-02));
#3476 = DIRECTION('',(-0.,-0.,-1.));
#3477 = DIRECTION('',(-0.,-1.,0.));
#3478 = ADVANCED_FACE('',(#3479),#3490,.F.);
#3479 = FACE_BOUND('',#3480,.T.);
#3480 = EDGE_LOOP('',(#3481,#3482,#3488,#3489));
#3481 = ORIENTED_EDGE('',*,*,#647,.T.);
#3482 = ORIENTED_EDGE('',*,*,#3483,.T.);
#3483 = EDGE_CURVE('',#648,#1930,#3484,.T.);
#3484 = LINE('',#3485,#3486);
#3485 = CARTESIAN_POINT('',(150.368,-161.725,-4.6E-02));
#3486 = VECTOR('',#3487,1.);
#3487 = DIRECTION('',(0.,0.,1.));
#3488 = ORIENTED_EDGE('',*,*,#1929,.F.);
#3489 = ORIENTED_EDGE('',*,*,#3483,.F.);
#3490 = CYLINDRICAL_SURFACE('',#3491,1.725);
#3491 = AXIS2_PLACEMENT_3D('',#3492,#3493,#3494);
#3492 = CARTESIAN_POINT('',(150.368,-160.,-4.6E-02));
#3493 = DIRECTION('',(-0.,-0.,-1.));
#3494 = DIRECTION('',(-0.,-1.,0.));
#3495 = ADVANCED_FACE('',(#3496),#3507,.F.);
#3496 = FACE_BOUND('',#3497,.T.);
#3497 = EDGE_LOOP('',(#3498,#3499,#3505,#3506));
#3498 = ORIENTED_EDGE('',*,*,#658,.T.);
#3499 = ORIENTED_EDGE('',*,*,#3500,.T.);
#3500 = EDGE_CURVE('',#659,#1941,#3501,.T.);
#3501 = LINE('',#3502,#3503);
#3502 = CARTESIAN_POINT('',(155.868,-160.95,-4.6E-02));
#3503 = VECTOR('',#3504,1.);
#3504 = DIRECTION('',(0.,0.,1.));
#3505 = ORIENTED_EDGE('',*,*,#1940,.F.);
#3506 = ORIENTED_EDGE('',*,*,#3500,.F.);
#3507 = CYLINDRICAL_SURFACE('',#3508,0.95);
#3508 = AXIS2_PLACEMENT_3D('',#3509,#3510,#3511);
#3509 = CARTESIAN_POINT('',(155.868,-160.,-4.6E-02));
#3510 = DIRECTION('',(-0.,-0.,-1.));
#3511 = DIRECTION('',(-0.,-1.,0.));
#3512 = ADVANCED_FACE('',(#3513),#3524,.F.);
#3513 = FACE_BOUND('',#3514,.T.);
#3514 = EDGE_LOOP('',(#3515,#3516,#3522,#3523));
#3515 = ORIENTED_EDGE('',*,*,#669,.T.);
#3516 = ORIENTED_EDGE('',*,*,#3517,.T.);
#3517 = EDGE_CURVE('',#670,#1952,#3518,.T.);
#3518 = LINE('',#3519,#3520);
#3519 = CARTESIAN_POINT('',(131.66,-146.5,-4.6E-02));
#3520 = VECTOR('',#3521,1.);
#3521 = DIRECTION('',(0.,0.,1.));
#3522 = ORIENTED_EDGE('',*,*,#1951,.F.);
#3523 = ORIENTED_EDGE('',*,*,#3517,.F.);
#3524 = CYLINDRICAL_SURFACE('',#3525,0.6);
#3525 = AXIS2_PLACEMENT_3D('',#3526,#3527,#3528);
#3526 = CARTESIAN_POINT('',(131.66,-145.9,-4.6E-02));
#3527 = DIRECTION('',(-0.,-0.,-1.));
#3528 = DIRECTION('',(-0.,-1.,0.));
#3529 = ADVANCED_FACE('',(#3530),#3541,.F.);
#3530 = FACE_BOUND('',#3531,.T.);
#3531 = EDGE_LOOP('',(#3532,#3533,#3539,#3540));
#3532 = ORIENTED_EDGE('',*,*,#680,.T.);
#3533 = ORIENTED_EDGE('',*,*,#3534,.T.);
#3534 = EDGE_CURVE('',#681,#1963,#3535,.T.);
#3535 = LINE('',#3536,#3537);
#3536 = CARTESIAN_POINT('',(150.28,-146.5,-4.6E-02));
#3537 = VECTOR('',#3538,1.);
#3538 = DIRECTION('',(0.,0.,1.));
#3539 = ORIENTED_EDGE('',*,*,#1962,.F.);
#3540 = ORIENTED_EDGE('',*,*,#3534,.F.);
#3541 = CYLINDRICAL_SURFACE('',#3542,0.6);
#3542 = AXIS2_PLACEMENT_3D('',#3543,#3544,#3545);
#3543 = CARTESIAN_POINT('',(150.28,-145.9,-4.6E-02));
#3544 = DIRECTION('',(-0.,-0.,-1.));
#3545 = DIRECTION('',(-0.,-1.,0.));
#3546 = ADVANCED_FACE('',(#3547),#3558,.F.);
#3547 = FACE_BOUND('',#3548,.T.);
#3548 = EDGE_LOOP('',(#3549,#3550,#3556,#3557));
#3549 = ORIENTED_EDGE('',*,*,#691,.T.);
#3550 = ORIENTED_EDGE('',*,*,#3551,.T.);
#3551 = EDGE_CURVE('',#692,#1974,#3552,.T.);
#3552 = LINE('',#3553,#3554);
#3553 = CARTESIAN_POINT('',(107.864,-144.4,-4.6E-02));
#3554 = VECTOR('',#3555,1.);
#3555 = DIRECTION('',(0.,0.,1.));
#3556 = ORIENTED_EDGE('',*,*,#1973,.F.);
#3557 = ORIENTED_EDGE('',*,*,#3551,.F.);
#3558 = CYLINDRICAL_SURFACE('',#3559,0.6);
#3559 = AXIS2_PLACEMENT_3D('',#3560,#3561,#3562);
#3560 = CARTESIAN_POINT('',(107.864,-143.8,-4.6E-02));
#3561 = DIRECTION('',(-0.,-0.,-1.));
#3562 = DIRECTION('',(-0.,-1.,0.));
#3563 = ADVANCED_FACE('',(#3564),#3575,.F.);
#3564 = FACE_BOUND('',#3565,.T.);
#3565 = EDGE_LOOP('',(#3566,#3567,#3573,#3574));
#3566 = ORIENTED_EDGE('',*,*,#702,.T.);
#3567 = ORIENTED_EDGE('',*,*,#3568,.T.);
#3568 = EDGE_CURVE('',#703,#1985,#3569,.T.);
#3569 = LINE('',#3570,#3571);
#3570 = CARTESIAN_POINT('',(107.364,-140.95,-4.6E-02));
#3571 = VECTOR('',#3572,1.);
#3572 = DIRECTION('',(0.,0.,1.));
#3573 = ORIENTED_EDGE('',*,*,#1984,.F.);
#3574 = ORIENTED_EDGE('',*,*,#3568,.F.);
#3575 = CYLINDRICAL_SURFACE('',#3576,0.95);
#3576 = AXIS2_PLACEMENT_3D('',#3577,#3578,#3579);
#3577 = CARTESIAN_POINT('',(107.364,-140.,-4.6E-02));
#3578 = DIRECTION('',(-0.,-0.,-1.));
#3579 = DIRECTION('',(-0.,-1.,0.));
#3580 = ADVANCED_FACE('',(#3581),#3592,.F.);
#3581 = FACE_BOUND('',#3582,.T.);
#3582 = EDGE_LOOP('',(#3583,#3584,#3590,#3591));
#3583 = ORIENTED_EDGE('',*,*,#713,.T.);
#3584 = ORIENTED_EDGE('',*,*,#3585,.T.);
#3585 = EDGE_CURVE('',#714,#1996,#3586,.T.);
#3586 = LINE('',#3587,#3588);
#3587 = CARTESIAN_POINT('',(112.864,-141.725,-4.6E-02));
#3588 = VECTOR('',#3589,1.);
#3589 = DIRECTION('',(0.,0.,1.));
#3590 = ORIENTED_EDGE('',*,*,#1995,.F.);
#3591 = ORIENTED_EDGE('',*,*,#3585,.F.);
#3592 = CYLINDRICAL_SURFACE('',#3593,1.725);
#3593 = AXIS2_PLACEMENT_3D('',#3594,#3595,#3596);
#3594 = CARTESIAN_POINT('',(112.864,-140.,-4.6E-02));
#3595 = DIRECTION('',(-0.,-0.,-1.));
#3596 = DIRECTION('',(-0.,-1.,0.));
#3597 = ADVANCED_FACE('',(#3598),#3609,.F.);
#3598 = FACE_BOUND('',#3599,.T.);
#3599 = EDGE_LOOP('',(#3600,#3601,#3607,#3608));
#3600 = ORIENTED_EDGE('',*,*,#724,.T.);
#3601 = ORIENTED_EDGE('',*,*,#3602,.T.);
#3602 = EDGE_CURVE('',#725,#2007,#3603,.T.);
#3603 = LINE('',#3604,#3605);
#3604 = CARTESIAN_POINT('',(118.364,-140.95,-4.6E-02));
#3605 = VECTOR('',#3606,1.);
#3606 = DIRECTION('',(0.,0.,1.));
#3607 = ORIENTED_EDGE('',*,*,#2006,.F.);
#3608 = ORIENTED_EDGE('',*,*,#3602,.F.);
#3609 = CYLINDRICAL_SURFACE('',#3610,0.95);
#3610 = AXIS2_PLACEMENT_3D('',#3611,#3612,#3613);
#3611 = CARTESIAN_POINT('',(118.364,-140.,-4.6E-02));
#3612 = DIRECTION('',(-0.,-0.,-1.));
#3613 = DIRECTION('',(-0.,-1.,0.));
#3614 = ADVANCED_FACE('',(#3615),#3626,.F.);
#3615 = FACE_BOUND('',#3616,.T.);
#3616 = EDGE_LOOP('',(#3617,#3618,#3624,#3625));
#3617 = ORIENTED_EDGE('',*,*,#735,.T.);
#3618 = ORIENTED_EDGE('',*,*,#3619,.T.);
#3619 = EDGE_CURVE('',#736,#2018,#3620,.T.);
#3620 = LINE('',#3621,#3622);
#3621 = CARTESIAN_POINT('',(126.66,-144.4,-4.6E-02));
#3622 = VECTOR('',#3623,1.);
#3623 = DIRECTION('',(0.,0.,1.));
#3624 = ORIENTED_EDGE('',*,*,#2017,.F.);
#3625 = ORIENTED_EDGE('',*,*,#3619,.F.);
#3626 = CYLINDRICAL_SURFACE('',#3627,0.6);
#3627 = AXIS2_PLACEMENT_3D('',#3628,#3629,#3630);
#3628 = CARTESIAN_POINT('',(126.66,-143.8,-4.6E-02));
#3629 = DIRECTION('',(-0.,-0.,-1.));
#3630 = DIRECTION('',(-0.,-1.,0.));
#3631 = ADVANCED_FACE('',(#3632),#3643,.F.);
#3632 = FACE_BOUND('',#3633,.T.);
#3633 = EDGE_LOOP('',(#3634,#3635,#3641,#3642));
#3634 = ORIENTED_EDGE('',*,*,#746,.T.);
#3635 = ORIENTED_EDGE('',*,*,#3636,.T.);
#3636 = EDGE_CURVE('',#747,#2029,#3637,.T.);
#3637 = LINE('',#3638,#3639);
#3638 = CARTESIAN_POINT('',(126.16,-140.95,-4.6E-02));
#3639 = VECTOR('',#3640,1.);
#3640 = DIRECTION('',(0.,0.,1.));
#3641 = ORIENTED_EDGE('',*,*,#2028,.F.);
#3642 = ORIENTED_EDGE('',*,*,#3636,.F.);
#3643 = CYLINDRICAL_SURFACE('',#3644,0.95);
#3644 = AXIS2_PLACEMENT_3D('',#3645,#3646,#3647);
#3645 = CARTESIAN_POINT('',(126.16,-140.,-4.6E-02));
#3646 = DIRECTION('',(-0.,-0.,-1.));
#3647 = DIRECTION('',(-0.,-1.,0.));
#3648 = ADVANCED_FACE('',(#3649),#3660,.F.);
#3649 = FACE_BOUND('',#3650,.T.);
#3650 = EDGE_LOOP('',(#3651,#3652,#3658,#3659));
#3651 = ORIENTED_EDGE('',*,*,#757,.T.);
#3652 = ORIENTED_EDGE('',*,*,#3653,.T.);
#3653 = EDGE_CURVE('',#758,#2040,#3654,.T.);
#3654 = LINE('',#3655,#3656);
#3655 = CARTESIAN_POINT('',(107.776,-124.4,-4.6E-02));
#3656 = VECTOR('',#3657,1.);
#3657 = DIRECTION('',(0.,0.,1.));
#3658 = ORIENTED_EDGE('',*,*,#2039,.F.);
#3659 = ORIENTED_EDGE('',*,*,#3653,.F.);
#3660 = CYLINDRICAL_SURFACE('',#3661,0.6);
#3661 = AXIS2_PLACEMENT_3D('',#3662,#3663,#3664);
#3662 = CARTESIAN_POINT('',(107.776,-123.8,-4.6E-02));
#3663 = DIRECTION('',(-0.,-0.,-1.));
#3664 = DIRECTION('',(-2.368475785867E-14,-1.,0.));
#3665 = ADVANCED_FACE('',(#3666),#3677,.F.);
#3666 = FACE_BOUND('',#3667,.T.);
#3667 = EDGE_LOOP('',(#3668,#3669,#3675,#3676));
#3668 = ORIENTED_EDGE('',*,*,#768,.T.);
#3669 = ORIENTED_EDGE('',*,*,#3670,.T.);
#3670 = EDGE_CURVE('',#769,#2051,#3671,.T.);
#3671 = LINE('',#3672,#3673);
#3672 = CARTESIAN_POINT('',(112.776,-126.5,-4.6E-02));
#3673 = VECTOR('',#3674,1.);
#3674 = DIRECTION('',(0.,0.,1.));
#3675 = ORIENTED_EDGE('',*,*,#2050,.F.);
#3676 = ORIENTED_EDGE('',*,*,#3670,.F.);
#3677 = CYLINDRICAL_SURFACE('',#3678,0.6);
#3678 = AXIS2_PLACEMENT_3D('',#3679,#3680,#3681);
#3679 = CARTESIAN_POINT('',(112.776,-125.9,-4.6E-02));
#3680 = DIRECTION('',(-0.,-0.,-1.));
#3681 = DIRECTION('',(-2.368475785867E-14,-1.,0.));
#3682 = ADVANCED_FACE('',(#3683),#3694,.F.);
#3683 = FACE_BOUND('',#3684,.T.);
#3684 = EDGE_LOOP('',(#3685,#3686,#3692,#3693));
#3685 = ORIENTED_EDGE('',*,*,#779,.T.);
#3686 = ORIENTED_EDGE('',*,*,#3687,.T.);
#3687 = EDGE_CURVE('',#780,#2062,#3688,.T.);
#3688 = LINE('',#3689,#3690);
#3689 = CARTESIAN_POINT('',(126.572,-124.4,-4.6E-02));
#3690 = VECTOR('',#3691,1.);
#3691 = DIRECTION('',(0.,0.,1.));
#3692 = ORIENTED_EDGE('',*,*,#2061,.F.);
#3693 = ORIENTED_EDGE('',*,*,#3687,.F.);
#3694 = CYLINDRICAL_SURFACE('',#3695,0.6);
#3695 = AXIS2_PLACEMENT_3D('',#3696,#3697,#3698);
#3696 = CARTESIAN_POINT('',(126.572,-123.8,-4.6E-02));
#3697 = DIRECTION('',(-0.,-0.,-1.));
#3698 = DIRECTION('',(-0.,-1.,0.));
#3699 = ADVANCED_FACE('',(#3700),#3711,.F.);
#3700 = FACE_BOUND('',#3701,.T.);
#3701 = EDGE_LOOP('',(#3702,#3703,#3709,#3710));
#3702 = ORIENTED_EDGE('',*,*,#790,.T.);
#3703 = ORIENTED_EDGE('',*,*,#3704,.T.);
#3704 = EDGE_CURVE('',#791,#2073,#3705,.T.);
#3705 = LINE('',#3706,#3707);
#3706 = CARTESIAN_POINT('',(131.66,-141.725,-4.6E-02));
#3707 = VECTOR('',#3708,1.);
#3708 = DIRECTION('',(0.,0.,1.));
#3709 = ORIENTED_EDGE('',*,*,#2072,.F.);
#3710 = ORIENTED_EDGE('',*,*,#3704,.F.);
#3711 = CYLINDRICAL_SURFACE('',#3712,1.725);
#3712 = AXIS2_PLACEMENT_3D('',#3713,#3714,#3715);
#3713 = CARTESIAN_POINT('',(131.66,-140.,-4.6E-02));
#3714 = DIRECTION('',(-0.,-0.,-1.));
#3715 = DIRECTION('',(-0.,-1.,0.));
#3716 = ADVANCED_FACE('',(#3717),#3728,.F.);
#3717 = FACE_BOUND('',#3718,.T.);
#3718 = EDGE_LOOP('',(#3719,#3720,#3726,#3727));
#3719 = ORIENTED_EDGE('',*,*,#801,.T.);
#3720 = ORIENTED_EDGE('',*,*,#3721,.T.);
#3721 = EDGE_CURVE('',#802,#2084,#3722,.T.);
#3722 = LINE('',#3723,#3724);
#3723 = CARTESIAN_POINT('',(137.16,-140.95,-4.6E-02));
#3724 = VECTOR('',#3725,1.);
#3725 = DIRECTION('',(0.,0.,1.));
#3726 = ORIENTED_EDGE('',*,*,#2083,.F.);
#3727 = ORIENTED_EDGE('',*,*,#3721,.F.);
#3728 = CYLINDRICAL_SURFACE('',#3729,0.95);
#3729 = AXIS2_PLACEMENT_3D('',#3730,#3731,#3732);
#3730 = CARTESIAN_POINT('',(137.16,-140.,-4.6E-02));
#3731 = DIRECTION('',(-0.,-0.,-1.));
#3732 = DIRECTION('',(-2.991758887411E-14,-1.,0.));
#3733 = ADVANCED_FACE('',(#3734),#3745,.F.);
#3734 = FACE_BOUND('',#3735,.T.);
#3735 = EDGE_LOOP('',(#3736,#3737,#3743,#3744));
#3736 = ORIENTED_EDGE('',*,*,#812,.T.);
#3737 = ORIENTED_EDGE('',*,*,#3738,.T.);
#3738 = EDGE_CURVE('',#813,#2095,#3739,.T.);
#3739 = LINE('',#3740,#3741);
#3740 = CARTESIAN_POINT('',(145.28,-144.4,-4.6E-02));
#3741 = VECTOR('',#3742,1.);
#3742 = DIRECTION('',(0.,0.,1.));
#3743 = ORIENTED_EDGE('',*,*,#2094,.F.);
#3744 = ORIENTED_EDGE('',*,*,#3738,.F.);
#3745 = CYLINDRICAL_SURFACE('',#3746,0.6);
#3746 = AXIS2_PLACEMENT_3D('',#3747,#3748,#3749);
#3747 = CARTESIAN_POINT('',(145.28,-143.8,-4.6E-02));
#3748 = DIRECTION('',(-0.,-0.,-1.));
#3749 = DIRECTION('',(-0.,-1.,0.));
#3750 = ADVANCED_FACE('',(#3751),#3762,.F.);
#3751 = FACE_BOUND('',#3752,.T.);
#3752 = EDGE_LOOP('',(#3753,#3754,#3760,#3761));
#3753 = ORIENTED_EDGE('',*,*,#823,.T.);
#3754 = ORIENTED_EDGE('',*,*,#3755,.T.);
#3755 = EDGE_CURVE('',#824,#2106,#3756,.T.);
#3756 = LINE('',#3757,#3758);
#3757 = CARTESIAN_POINT('',(144.78,-140.95,-4.6E-02));
#3758 = VECTOR('',#3759,1.);
#3759 = DIRECTION('',(0.,0.,1.));
#3760 = ORIENTED_EDGE('',*,*,#2105,.F.);
#3761 = ORIENTED_EDGE('',*,*,#3755,.F.);
#3762 = CYLINDRICAL_SURFACE('',#3763,0.95);
#3763 = AXIS2_PLACEMENT_3D('',#3764,#3765,#3766);
#3764 = CARTESIAN_POINT('',(144.78,-140.,-4.6E-02));
#3765 = DIRECTION('',(-0.,-0.,-1.));
#3766 = DIRECTION('',(-0.,-1.,0.));
#3767 = ADVANCED_FACE('',(#3768),#3779,.F.);
#3768 = FACE_BOUND('',#3769,.T.);
#3769 = EDGE_LOOP('',(#3770,#3771,#3777,#3778));
#3770 = ORIENTED_EDGE('',*,*,#834,.T.);
#3771 = ORIENTED_EDGE('',*,*,#3772,.T.);
#3772 = EDGE_CURVE('',#835,#2117,#3773,.T.);
#3773 = LINE('',#3774,#3775);
#3774 = CARTESIAN_POINT('',(150.28,-141.725,-4.6E-02));
#3775 = VECTOR('',#3776,1.);
#3776 = DIRECTION('',(0.,0.,1.));
#3777 = ORIENTED_EDGE('',*,*,#2116,.F.);
#3778 = ORIENTED_EDGE('',*,*,#3772,.F.);
#3779 = CYLINDRICAL_SURFACE('',#3780,1.725);
#3780 = AXIS2_PLACEMENT_3D('',#3781,#3782,#3783);
#3781 = CARTESIAN_POINT('',(150.28,-140.,-4.6E-02));
#3782 = DIRECTION('',(-0.,-0.,-1.));
#3783 = DIRECTION('',(-0.,-1.,0.));
#3784 = ADVANCED_FACE('',(#3785),#3796,.F.);
#3785 = FACE_BOUND('',#3786,.T.);
#3786 = EDGE_LOOP('',(#3787,#3788,#3794,#3795));
#3787 = ORIENTED_EDGE('',*,*,#845,.T.);
#3788 = ORIENTED_EDGE('',*,*,#3789,.T.);
#3789 = EDGE_CURVE('',#846,#2128,#3790,.T.);
#3790 = LINE('',#3791,#3792);
#3791 = CARTESIAN_POINT('',(155.78,-140.95,-4.6E-02));
#3792 = VECTOR('',#3793,1.);
#3793 = DIRECTION('',(0.,0.,1.));
#3794 = ORIENTED_EDGE('',*,*,#2127,.F.);
#3795 = ORIENTED_EDGE('',*,*,#3789,.F.);
#3796 = CYLINDRICAL_SURFACE('',#3797,0.95);
#3797 = AXIS2_PLACEMENT_3D('',#3798,#3799,#3800);
#3798 = CARTESIAN_POINT('',(155.78,-140.,-4.6E-02));
#3799 = DIRECTION('',(-0.,-0.,-1.));
#3800 = DIRECTION('',(-0.,-1.,0.));
#3801 = ADVANCED_FACE('',(#3802),#3813,.F.);
#3802 = FACE_BOUND('',#3803,.T.);
#3803 = EDGE_LOOP('',(#3804,#3805,#3811,#3812));
#3804 = ORIENTED_EDGE('',*,*,#856,.T.);
#3805 = ORIENTED_EDGE('',*,*,#3806,.T.);
#3806 = EDGE_CURVE('',#857,#2139,#3807,.T.);
#3807 = LINE('',#3808,#3809);
#3808 = CARTESIAN_POINT('',(131.572,-126.5,-4.6E-02));
#3809 = VECTOR('',#3810,1.);
#3810 = DIRECTION('',(0.,0.,1.));
#3811 = ORIENTED_EDGE('',*,*,#2138,.F.);
#3812 = ORIENTED_EDGE('',*,*,#3806,.F.);
#3813 = CYLINDRICAL_SURFACE('',#3814,0.6);
#3814 = AXIS2_PLACEMENT_3D('',#3815,#3816,#3817);
#3815 = CARTESIAN_POINT('',(131.572,-125.9,-4.6E-02));
#3816 = DIRECTION('',(-0.,-0.,-1.));
#3817 = DIRECTION('',(-0.,-1.,0.));
#3818 = ADVANCED_FACE('',(#3819),#3830,.F.);
#3819 = FACE_BOUND('',#3820,.T.);
#3820 = EDGE_LOOP('',(#3821,#3822,#3828,#3829));
#3821 = ORIENTED_EDGE('',*,*,#867,.T.);
#3822 = ORIENTED_EDGE('',*,*,#3823,.T.);
#3823 = EDGE_CURVE('',#868,#2150,#3824,.T.);
#3824 = LINE('',#3825,#3826);
#3825 = CARTESIAN_POINT('',(145.28,-124.4,-4.6E-02));
#3826 = VECTOR('',#3827,1.);
#3827 = DIRECTION('',(0.,0.,1.));
#3828 = ORIENTED_EDGE('',*,*,#2149,.F.);
#3829 = ORIENTED_EDGE('',*,*,#3823,.F.);
#3830 = CYLINDRICAL_SURFACE('',#3831,0.6);
#3831 = AXIS2_PLACEMENT_3D('',#3832,#3833,#3834);
#3832 = CARTESIAN_POINT('',(145.28,-123.8,-4.6E-02));
#3833 = DIRECTION('',(-0.,-0.,-1.));
#3834 = DIRECTION('',(-0.,-1.,0.));
#3835 = ADVANCED_FACE('',(#3836),#3847,.F.);
#3836 = FACE_BOUND('',#3837,.T.);
#3837 = EDGE_LOOP('',(#3838,#3839,#3845,#3846));
#3838 = ORIENTED_EDGE('',*,*,#878,.T.);
#3839 = ORIENTED_EDGE('',*,*,#3840,.T.);
#3840 = EDGE_CURVE('',#879,#2161,#3841,.T.);
#3841 = LINE('',#3842,#3843);
#3842 = CARTESIAN_POINT('',(150.28,-126.5,-4.6E-02));
#3843 = VECTOR('',#3844,1.);
#3844 = DIRECTION('',(0.,0.,1.));
#3845 = ORIENTED_EDGE('',*,*,#2160,.F.);
#3846 = ORIENTED_EDGE('',*,*,#3840,.F.);
#3847 = CYLINDRICAL_SURFACE('',#3848,0.6);
#3848 = AXIS2_PLACEMENT_3D('',#3849,#3850,#3851);
#3849 = CARTESIAN_POINT('',(150.28,-125.9,-4.6E-02));
#3850 = DIRECTION('',(-0.,-0.,-1.));
#3851 = DIRECTION('',(-0.,-1.,0.));
#3852 = ADVANCED_FACE('',(#3853),#3864,.F.);
#3853 = FACE_BOUND('',#3854,.T.);
#3854 = EDGE_LOOP('',(#3855,#3856,#3862,#3863));
#3855 = ORIENTED_EDGE('',*,*,#889,.T.);
#3856 = ORIENTED_EDGE('',*,*,#3857,.T.);
#3857 = EDGE_CURVE('',#890,#2172,#3858,.T.);
#3858 = LINE('',#3859,#3860);
#3859 = CARTESIAN_POINT('',(51.23,-120.95,-4.6E-02));
#3860 = VECTOR('',#3861,1.);
#3861 = DIRECTION('',(0.,0.,1.));
#3862 = ORIENTED_EDGE('',*,*,#2171,.F.);
#3863 = ORIENTED_EDGE('',*,*,#3857,.F.);
#3864 = CYLINDRICAL_SURFACE('',#3865,0.95);
#3865 = AXIS2_PLACEMENT_3D('',#3866,#3867,#3868);
#3866 = CARTESIAN_POINT('',(51.23,-120.,-4.6E-02));
#3867 = DIRECTION('',(-0.,-0.,-1.));
#3868 = DIRECTION('',(-7.479397218527E-15,-1.,0.));
#3869 = ADVANCED_FACE('',(#3870),#3881,.F.);
#3870 = FACE_BOUND('',#3871,.T.);
#3871 = EDGE_LOOP('',(#3872,#3873,#3879,#3880));
#3872 = ORIENTED_EDGE('',*,*,#900,.T.);
#3873 = ORIENTED_EDGE('',*,*,#3874,.T.);
#3874 = EDGE_CURVE('',#901,#2183,#3875,.T.);
#3875 = LINE('',#3876,#3877);
#3876 = CARTESIAN_POINT('',(56.73,-121.725,-4.6E-02));
#3877 = VECTOR('',#3878,1.);
#3878 = DIRECTION('',(0.,0.,1.));
#3879 = ORIENTED_EDGE('',*,*,#2182,.F.);
#3880 = ORIENTED_EDGE('',*,*,#3874,.F.);
#3881 = CYLINDRICAL_SURFACE('',#3882,1.725);
#3882 = AXIS2_PLACEMENT_3D('',#3883,#3884,#3885);
#3883 = CARTESIAN_POINT('',(56.73,-120.,-4.6E-02));
#3884 = DIRECTION('',(-0.,-0.,-1.));
#3885 = DIRECTION('',(-4.119088323247E-15,-1.,0.));
#3886 = ADVANCED_FACE('',(#3887),#3898,.F.);
#3887 = FACE_BOUND('',#3888,.T.);
#3888 = EDGE_LOOP('',(#3889,#3890,#3896,#3897));
#3889 = ORIENTED_EDGE('',*,*,#911,.T.);
#3890 = ORIENTED_EDGE('',*,*,#3891,.T.);
#3891 = EDGE_CURVE('',#912,#2194,#3892,.T.);
#3892 = LINE('',#3893,#3894);
#3893 = CARTESIAN_POINT('',(62.23,-120.95,-4.6E-02));
#3894 = VECTOR('',#3895,1.);
#3895 = DIRECTION('',(0.,0.,1.));
#3896 = ORIENTED_EDGE('',*,*,#2193,.F.);
#3897 = ORIENTED_EDGE('',*,*,#3891,.F.);
#3898 = CYLINDRICAL_SURFACE('',#3899,0.95);
#3899 = AXIS2_PLACEMENT_3D('',#3900,#3901,#3902);
#3900 = CARTESIAN_POINT('',(62.23,-120.,-4.6E-02));
#3901 = DIRECTION('',(-0.,-0.,-1.));
#3902 = DIRECTION('',(-7.479397218527E-15,-1.,0.));
#3903 = ADVANCED_FACE('',(#3904),#3915,.F.);
#3904 = FACE_BOUND('',#3905,.T.);
#3905 = EDGE_LOOP('',(#3906,#3907,#3913,#3914));
#3906 = ORIENTED_EDGE('',*,*,#922,.T.);
#3907 = ORIENTED_EDGE('',*,*,#3908,.T.);
#3908 = EDGE_CURVE('',#923,#2205,#3909,.T.);
#3909 = LINE('',#3910,#3911);
#3910 = CARTESIAN_POINT('',(69.938,-120.95,-4.6E-02));
#3911 = VECTOR('',#3912,1.);
#3912 = DIRECTION('',(0.,0.,1.));
#3913 = ORIENTED_EDGE('',*,*,#2204,.F.);
#3914 = ORIENTED_EDGE('',*,*,#3908,.F.);
#3915 = CYLINDRICAL_SURFACE('',#3916,0.95);
#3916 = AXIS2_PLACEMENT_3D('',#3917,#3918,#3919);
#3917 = CARTESIAN_POINT('',(69.938,-120.,-4.6E-02));
#3918 = DIRECTION('',(-0.,-0.,-1.));
#3919 = DIRECTION('',(-0.,-1.,0.));
#3920 = ADVANCED_FACE('',(#3921),#3932,.F.);
#3921 = FACE_BOUND('',#3922,.T.);
#3922 = EDGE_LOOP('',(#3923,#3924,#3930,#3931));
#3923 = ORIENTED_EDGE('',*,*,#933,.T.);
#3924 = ORIENTED_EDGE('',*,*,#3925,.T.);
#3925 = EDGE_CURVE('',#934,#2216,#3926,.T.);
#3926 = LINE('',#3927,#3928);
#3927 = CARTESIAN_POINT('',(75.438,-121.725,-4.6E-02));
#3928 = VECTOR('',#3929,1.);
#3929 = DIRECTION('',(0.,0.,1.));
#3930 = ORIENTED_EDGE('',*,*,#2215,.F.);
#3931 = ORIENTED_EDGE('',*,*,#3925,.F.);
#3932 = CYLINDRICAL_SURFACE('',#3933,1.725);
#3933 = AXIS2_PLACEMENT_3D('',#3934,#3935,#3936);
#3934 = CARTESIAN_POINT('',(75.438,-120.,-4.6E-02));
#3935 = DIRECTION('',(-0.,0.,-1.));
#3936 = DIRECTION('',(8.238176646494E-15,-1.,-0.));
#3937 = ADVANCED_FACE('',(#3938),#3949,.F.);
#3938 = FACE_BOUND('',#3939,.T.);
#3939 = EDGE_LOOP('',(#3940,#3941,#3947,#3948));
#3940 = ORIENTED_EDGE('',*,*,#944,.T.);
#3941 = ORIENTED_EDGE('',*,*,#3942,.T.);
#3942 = EDGE_CURVE('',#945,#2227,#3943,.T.);
#3943 = LINE('',#3944,#3945);
#3944 = CARTESIAN_POINT('',(57.912,-107.518,-4.6E-02));
#3945 = VECTOR('',#3946,1.);
#3946 = DIRECTION('',(0.,0.,1.));
#3947 = ORIENTED_EDGE('',*,*,#2226,.F.);
#3948 = ORIENTED_EDGE('',*,*,#3942,.F.);
#3949 = CYLINDRICAL_SURFACE('',#3950,1.6);
#3950 = AXIS2_PLACEMENT_3D('',#3951,#3952,#3953);
#3951 = CARTESIAN_POINT('',(57.912,-105.918,-4.6E-02));
#3952 = DIRECTION('',(-0.,-0.,-1.));
#3953 = DIRECTION('',(-0.,-1.,0.));
#3954 = ADVANCED_FACE('',(#3955),#3966,.F.);
#3955 = FACE_BOUND('',#3956,.T.);
#3956 = EDGE_LOOP('',(#3957,#3958,#3964,#3965));
#3957 = ORIENTED_EDGE('',*,*,#955,.T.);
#3958 = ORIENTED_EDGE('',*,*,#3959,.T.);
#3959 = EDGE_CURVE('',#956,#2238,#3960,.T.);
#3960 = LINE('',#3961,#3962);
#3961 = CARTESIAN_POINT('',(80.938,-120.95,-4.6E-02));
#3962 = VECTOR('',#3963,1.);
#3963 = DIRECTION('',(0.,0.,1.));
#3964 = ORIENTED_EDGE('',*,*,#2237,.F.);
#3965 = ORIENTED_EDGE('',*,*,#3959,.F.);
#3966 = CYLINDRICAL_SURFACE('',#3967,0.95);
#3967 = AXIS2_PLACEMENT_3D('',#3968,#3969,#3970);
#3968 = CARTESIAN_POINT('',(80.938,-120.,-4.6E-02));
#3969 = DIRECTION('',(-0.,-0.,-1.));
#3970 = DIRECTION('',(-0.,-1.,0.));
#3971 = ADVANCED_FACE('',(#3972),#3983,.F.);
#3972 = FACE_BOUND('',#3973,.T.);
#3973 = EDGE_LOOP('',(#3974,#3975,#3981,#3982));
#3974 = ORIENTED_EDGE('',*,*,#966,.T.);
#3975 = ORIENTED_EDGE('',*,*,#3976,.T.);
#3976 = EDGE_CURVE('',#967,#2249,#3977,.T.);
#3977 = LINE('',#3978,#3979);
#3978 = CARTESIAN_POINT('',(88.646,-120.95,-4.6E-02));
#3979 = VECTOR('',#3980,1.);
#3980 = DIRECTION('',(0.,0.,1.));
#3981 = ORIENTED_EDGE('',*,*,#2248,.F.);
#3982 = ORIENTED_EDGE('',*,*,#3976,.F.);
#3983 = CYLINDRICAL_SURFACE('',#3984,0.95);
#3984 = AXIS2_PLACEMENT_3D('',#3985,#3986,#3987);
#3985 = CARTESIAN_POINT('',(88.646,-120.,-4.6E-02));
#3986 = DIRECTION('',(-0.,-0.,-1.));
#3987 = DIRECTION('',(-0.,-1.,0.));
#3988 = ADVANCED_FACE('',(#3989),#4000,.F.);
#3989 = FACE_BOUND('',#3990,.T.);
#3990 = EDGE_LOOP('',(#3991,#3992,#3998,#3999));
#3991 = ORIENTED_EDGE('',*,*,#977,.T.);
#3992 = ORIENTED_EDGE('',*,*,#3993,.T.);
#3993 = EDGE_CURVE('',#978,#2260,#3994,.T.);
#3994 = LINE('',#3995,#3996);
#3995 = CARTESIAN_POINT('',(94.146,-121.725,-4.6E-02));
#3996 = VECTOR('',#3997,1.);
#3997 = DIRECTION('',(0.,0.,1.));
#3998 = ORIENTED_EDGE('',*,*,#2259,.F.);
#3999 = ORIENTED_EDGE('',*,*,#3993,.F.);
#4000 = CYLINDRICAL_SURFACE('',#4001,1.725);
#4001 = AXIS2_PLACEMENT_3D('',#4002,#4003,#4004);
#4002 = CARTESIAN_POINT('',(94.146,-120.,-4.6E-02));
#4003 = DIRECTION('',(-0.,-0.,-1.));
#4004 = DIRECTION('',(-0.,-1.,0.));
#4005 = ADVANCED_FACE('',(#4006),#4017,.F.);
#4006 = FACE_BOUND('',#4007,.T.);
#4007 = EDGE_LOOP('',(#4008,#4009,#4015,#4016));
#4008 = ORIENTED_EDGE('',*,*,#988,.T.);
#4009 = ORIENTED_EDGE('',*,*,#4010,.T.);
#4010 = EDGE_CURVE('',#989,#2271,#4011,.T.);
#4011 = LINE('',#4012,#4013);
#4012 = CARTESIAN_POINT('',(99.646,-120.95,-4.6E-02));
#4013 = VECTOR('',#4014,1.);
#4014 = DIRECTION('',(0.,0.,1.));
#4015 = ORIENTED_EDGE('',*,*,#2270,.F.);
#4016 = ORIENTED_EDGE('',*,*,#4010,.F.);
#4017 = CYLINDRICAL_SURFACE('',#4018,0.95);
#4018 = AXIS2_PLACEMENT_3D('',#4019,#4020,#4021);
#4019 = CARTESIAN_POINT('',(99.646,-120.,-4.6E-02));
#4020 = DIRECTION('',(-0.,-0.,-1.));
#4021 = DIRECTION('',(-0.,-1.,0.));
#4022 = ADVANCED_FACE('',(#4023),#4034,.F.);
#4023 = FACE_BOUND('',#4024,.T.);
#4024 = EDGE_LOOP('',(#4025,#4026,#4032,#4033));
#4025 = ORIENTED_EDGE('',*,*,#999,.T.);
#4026 = ORIENTED_EDGE('',*,*,#4027,.T.);
#4027 = EDGE_CURVE('',#1000,#2282,#4028,.T.);
#4028 = LINE('',#4029,#4030);
#4029 = CARTESIAN_POINT('',(57.912,-80.086,-4.6E-02));
#4030 = VECTOR('',#4031,1.);
#4031 = DIRECTION('',(0.,0.,1.));
#4032 = ORIENTED_EDGE('',*,*,#2281,.F.);
#4033 = ORIENTED_EDGE('',*,*,#4027,.F.);
#4034 = CYLINDRICAL_SURFACE('',#4035,1.6);
#4035 = AXIS2_PLACEMENT_3D('',#4036,#4037,#4038);
#4036 = CARTESIAN_POINT('',(57.912,-78.486,-4.6E-02));
#4037 = DIRECTION('',(-0.,-0.,-1.));
#4038 = DIRECTION('',(-0.,-1.,0.));
#4039 = ADVANCED_FACE('',(#4040),#4051,.F.);
#4040 = FACE_BOUND('',#4041,.T.);
#4041 = EDGE_LOOP('',(#4042,#4043,#4049,#4050));
#4042 = ORIENTED_EDGE('',*,*,#1010,.T.);
#4043 = ORIENTED_EDGE('',*,*,#4044,.T.);
#4044 = EDGE_CURVE('',#1011,#2293,#4045,.T.);
#4045 = LINE('',#4046,#4047);
#4046 = CARTESIAN_POINT('',(68.834,-78.732,-4.6E-02));
#4047 = VECTOR('',#4048,1.);
#4048 = DIRECTION('',(0.,0.,1.));
#4049 = ORIENTED_EDGE('',*,*,#2292,.F.);
#4050 = ORIENTED_EDGE('',*,*,#4044,.F.);
#4051 = CYLINDRICAL_SURFACE('',#4052,0.5);
#4052 = AXIS2_PLACEMENT_3D('',#4053,#4054,#4055);
#4053 = CARTESIAN_POINT('',(68.834,-78.232,-4.6E-02));
#4054 = DIRECTION('',(-0.,-0.,-1.));
#4055 = DIRECTION('',(-0.,-1.,0.));
#4056 = ADVANCED_FACE('',(#4057),#4068,.F.);
#4057 = FACE_BOUND('',#4058,.T.);
#4058 = EDGE_LOOP('',(#4059,#4060,#4066,#4067));
#4059 = ORIENTED_EDGE('',*,*,#1021,.T.);
#4060 = ORIENTED_EDGE('',*,*,#4061,.T.);
#4061 = EDGE_CURVE('',#1022,#2304,#4062,.T.);
#4062 = LINE('',#4063,#4064);
#4063 = CARTESIAN_POINT('',(71.374,-78.732,-4.6E-02));
#4064 = VECTOR('',#4065,1.);
#4065 = DIRECTION('',(0.,0.,1.));
#4066 = ORIENTED_EDGE('',*,*,#2303,.F.);
#4067 = ORIENTED_EDGE('',*,*,#4061,.F.);
#4068 = CYLINDRICAL_SURFACE('',#4069,0.5);
#4069 = AXIS2_PLACEMENT_3D('',#4070,#4071,#4072);
#4070 = CARTESIAN_POINT('',(71.374,-78.232,-4.6E-02));
#4071 = DIRECTION('',(-0.,-0.,-1.));
#4072 = DIRECTION('',(-0.,-1.,0.));
#4073 = ADVANCED_FACE('',(#4074),#4085,.F.);
#4074 = FACE_BOUND('',#4075,.T.);
#4075 = EDGE_LOOP('',(#4076,#4077,#4083,#4084));
#4076 = ORIENTED_EDGE('',*,*,#1032,.T.);
#4077 = ORIENTED_EDGE('',*,*,#4078,.T.);
#4078 = EDGE_CURVE('',#1033,#2315,#4079,.T.);
#4079 = LINE('',#4080,#4081);
#4080 = CARTESIAN_POINT('',(73.914,-78.732,-4.6E-02));
#4081 = VECTOR('',#4082,1.);
#4082 = DIRECTION('',(0.,0.,1.));
#4083 = ORIENTED_EDGE('',*,*,#2314,.F.);
#4084 = ORIENTED_EDGE('',*,*,#4078,.F.);
#4085 = CYLINDRICAL_SURFACE('',#4086,0.5);
#4086 = AXIS2_PLACEMENT_3D('',#4087,#4088,#4089);
#4087 = CARTESIAN_POINT('',(73.914,-78.232,-4.6E-02));
#4088 = DIRECTION('',(-0.,-0.,-1.));
#4089 = DIRECTION('',(-0.,-1.,0.));
#4090 = ADVANCED_FACE('',(#4091),#4102,.F.);
#4091 = FACE_BOUND('',#4092,.T.);
#4092 = EDGE_LOOP('',(#4093,#4094,#4100,#4101));
#4093 = ORIENTED_EDGE('',*,*,#1043,.T.);
#4094 = ORIENTED_EDGE('',*,*,#4095,.T.);
#4095 = EDGE_CURVE('',#1044,#2326,#4096,.T.);
#4096 = LINE('',#4097,#4098);
#4097 = CARTESIAN_POINT('',(76.454,-78.732,-4.6E-02));
#4098 = VECTOR('',#4099,1.);
#4099 = DIRECTION('',(0.,0.,1.));
#4100 = ORIENTED_EDGE('',*,*,#2325,.F.);
#4101 = ORIENTED_EDGE('',*,*,#4095,.F.);
#4102 = CYLINDRICAL_SURFACE('',#4103,0.5);
#4103 = AXIS2_PLACEMENT_3D('',#4104,#4105,#4106);
#4104 = CARTESIAN_POINT('',(76.454,-78.232,-4.6E-02));
#4105 = DIRECTION('',(-0.,-0.,-1.));
#4106 = DIRECTION('',(-0.,-1.,0.));
#4107 = ADVANCED_FACE('',(#4108),#4119,.F.);
#4108 = FACE_BOUND('',#4109,.T.);
#4109 = EDGE_LOOP('',(#4110,#4111,#4117,#4118));
#4110 = ORIENTED_EDGE('',*,*,#1054,.T.);
#4111 = ORIENTED_EDGE('',*,*,#4112,.T.);
#4112 = EDGE_CURVE('',#1055,#2337,#4113,.T.);
#4113 = LINE('',#4114,#4115);
#4114 = CARTESIAN_POINT('',(78.994,-78.732,-4.6E-02));
#4115 = VECTOR('',#4116,1.);
#4116 = DIRECTION('',(0.,0.,1.));
#4117 = ORIENTED_EDGE('',*,*,#2336,.F.);
#4118 = ORIENTED_EDGE('',*,*,#4112,.F.);
#4119 = CYLINDRICAL_SURFACE('',#4120,0.5);
#4120 = AXIS2_PLACEMENT_3D('',#4121,#4122,#4123);
#4121 = CARTESIAN_POINT('',(78.994,-78.232,-4.6E-02));
#4122 = DIRECTION('',(-0.,-0.,-1.));
#4123 = DIRECTION('',(-0.,-1.,0.));
#4124 = ADVANCED_FACE('',(#4125),#4136,.F.);
#4125 = FACE_BOUND('',#4126,.T.);
#4126 = EDGE_LOOP('',(#4127,#4128,#4134,#4135));
#4127 = ORIENTED_EDGE('',*,*,#1065,.T.);
#4128 = ORIENTED_EDGE('',*,*,#4129,.T.);
#4129 = EDGE_CURVE('',#1066,#2348,#4130,.T.);
#4130 = LINE('',#4131,#4132);
#4131 = CARTESIAN_POINT('',(81.534,-78.732,-4.6E-02));
#4132 = VECTOR('',#4133,1.);
#4133 = DIRECTION('',(0.,0.,1.));
#4134 = ORIENTED_EDGE('',*,*,#2347,.F.);
#4135 = ORIENTED_EDGE('',*,*,#4129,.F.);
#4136 = CYLINDRICAL_SURFACE('',#4137,0.5);
#4137 = AXIS2_PLACEMENT_3D('',#4138,#4139,#4140);
#4138 = CARTESIAN_POINT('',(81.534,-78.232,-4.6E-02));
#4139 = DIRECTION('',(-0.,-0.,-1.));
#4140 = DIRECTION('',(-0.,-1.,0.));
#4141 = ADVANCED_FACE('',(#4142),#4153,.F.);
#4142 = FACE_BOUND('',#4143,.T.);
#4143 = EDGE_LOOP('',(#4144,#4145,#4151,#4152));
#4144 = ORIENTED_EDGE('',*,*,#1076,.T.);
#4145 = ORIENTED_EDGE('',*,*,#4146,.T.);
#4146 = EDGE_CURVE('',#1077,#2359,#4147,.T.);
#4147 = LINE('',#4148,#4149);
#4148 = CARTESIAN_POINT('',(107.276,-120.95,-4.6E-02));
#4149 = VECTOR('',#4150,1.);
#4150 = DIRECTION('',(0.,0.,1.));
#4151 = ORIENTED_EDGE('',*,*,#2358,.F.);
#4152 = ORIENTED_EDGE('',*,*,#4146,.F.);
#4153 = CYLINDRICAL_SURFACE('',#4154,0.95);
#4154 = AXIS2_PLACEMENT_3D('',#4155,#4156,#4157);
#4155 = CARTESIAN_POINT('',(107.276,-120.,-4.6E-02));
#4156 = DIRECTION('',(-0.,-0.,-1.));
#4157 = DIRECTION('',(-0.,-1.,0.));
#4158 = ADVANCED_FACE('',(#4159),#4170,.F.);
#4159 = FACE_BOUND('',#4160,.T.);
#4160 = EDGE_LOOP('',(#4161,#4162,#4168,#4169));
#4161 = ORIENTED_EDGE('',*,*,#1087,.T.);
#4162 = ORIENTED_EDGE('',*,*,#4163,.T.);
#4163 = EDGE_CURVE('',#1088,#2370,#4164,.T.);
#4164 = LINE('',#4165,#4166);
#4165 = CARTESIAN_POINT('',(112.776,-121.725,-4.6E-02));
#4166 = VECTOR('',#4167,1.);
#4167 = DIRECTION('',(0.,0.,1.));
#4168 = ORIENTED_EDGE('',*,*,#2369,.F.);
#4169 = ORIENTED_EDGE('',*,*,#4163,.F.);
#4170 = CYLINDRICAL_SURFACE('',#4171,1.725);
#4171 = AXIS2_PLACEMENT_3D('',#4172,#4173,#4174);
#4172 = CARTESIAN_POINT('',(112.776,-120.,-4.6E-02));
#4173 = DIRECTION('',(-0.,-0.,-1.));
#4174 = DIRECTION('',(-8.238176646494E-15,-1.,0.));
#4175 = ADVANCED_FACE('',(#4176),#4187,.F.);
#4176 = FACE_BOUND('',#4177,.T.);
#4177 = EDGE_LOOP('',(#4178,#4179,#4185,#4186));
#4178 = ORIENTED_EDGE('',*,*,#1098,.T.);
#4179 = ORIENTED_EDGE('',*,*,#4180,.T.);
#4180 = EDGE_CURVE('',#1099,#2381,#4181,.T.);
#4181 = LINE('',#4182,#4183);
#4182 = CARTESIAN_POINT('',(118.276,-120.95,-4.6E-02));
#4183 = VECTOR('',#4184,1.);
#4184 = DIRECTION('',(0.,0.,1.));
#4185 = ORIENTED_EDGE('',*,*,#2380,.F.);
#4186 = ORIENTED_EDGE('',*,*,#4180,.F.);
#4187 = CYLINDRICAL_SURFACE('',#4188,0.95);
#4188 = AXIS2_PLACEMENT_3D('',#4189,#4190,#4191);
#4189 = CARTESIAN_POINT('',(118.276,-120.,-4.6E-02));
#4190 = DIRECTION('',(-0.,-0.,-1.));
#4191 = DIRECTION('',(-0.,-1.,0.));
#4192 = ADVANCED_FACE('',(#4193),#4204,.F.);
#4193 = FACE_BOUND('',#4194,.T.);
#4194 = EDGE_LOOP('',(#4195,#4196,#4202,#4203));
#4195 = ORIENTED_EDGE('',*,*,#1109,.T.);
#4196 = ORIENTED_EDGE('',*,*,#4197,.T.);
#4197 = EDGE_CURVE('',#1110,#2392,#4198,.T.);
#4198 = LINE('',#4199,#4200);
#4199 = CARTESIAN_POINT('',(126.072,-120.95,-4.6E-02));
#4200 = VECTOR('',#4201,1.);
#4201 = DIRECTION('',(0.,0.,1.));
#4202 = ORIENTED_EDGE('',*,*,#2391,.F.);
#4203 = ORIENTED_EDGE('',*,*,#4197,.F.);
#4204 = CYLINDRICAL_SURFACE('',#4205,0.95);
#4205 = AXIS2_PLACEMENT_3D('',#4206,#4207,#4208);
#4206 = CARTESIAN_POINT('',(126.072,-120.,-4.6E-02));
#4207 = DIRECTION('',(-0.,-0.,-1.));
#4208 = DIRECTION('',(-0.,-1.,0.));
#4209 = ADVANCED_FACE('',(#4210),#4221,.F.);
#4210 = FACE_BOUND('',#4211,.T.);
#4211 = EDGE_LOOP('',(#4212,#4213,#4219,#4220));
#4212 = ORIENTED_EDGE('',*,*,#1120,.T.);
#4213 = ORIENTED_EDGE('',*,*,#4214,.T.);
#4214 = EDGE_CURVE('',#1121,#2403,#4215,.T.);
#4215 = LINE('',#4216,#4217);
#4216 = CARTESIAN_POINT('',(131.572,-121.725,-4.6E-02));
#4217 = VECTOR('',#4218,1.);
#4218 = DIRECTION('',(0.,0.,1.));
#4219 = ORIENTED_EDGE('',*,*,#2402,.F.);
#4220 = ORIENTED_EDGE('',*,*,#4214,.F.);
#4221 = CYLINDRICAL_SURFACE('',#4222,1.725);
#4222 = AXIS2_PLACEMENT_3D('',#4223,#4224,#4225);
#4223 = CARTESIAN_POINT('',(131.572,-120.,-4.6E-02));
#4224 = DIRECTION('',(-0.,-0.,-1.));
#4225 = DIRECTION('',(-0.,-1.,0.));
#4226 = ADVANCED_FACE('',(#4227),#4238,.F.);
#4227 = FACE_BOUND('',#4228,.T.);
#4228 = EDGE_LOOP('',(#4229,#4230,#4236,#4237));
#4229 = ORIENTED_EDGE('',*,*,#1131,.T.);
#4230 = ORIENTED_EDGE('',*,*,#4231,.T.);
#4231 = EDGE_CURVE('',#1132,#2414,#4232,.T.);
#4232 = LINE('',#4233,#4234);
#4233 = CARTESIAN_POINT('',(137.072,-120.95,-4.6E-02));
#4234 = VECTOR('',#4235,1.);
#4235 = DIRECTION('',(0.,0.,1.));
#4236 = ORIENTED_EDGE('',*,*,#2413,.F.);
#4237 = ORIENTED_EDGE('',*,*,#4231,.F.);
#4238 = CYLINDRICAL_SURFACE('',#4239,0.95);
#4239 = AXIS2_PLACEMENT_3D('',#4240,#4241,#4242);
#4240 = CARTESIAN_POINT('',(137.072,-120.,-4.6E-02));
#4241 = DIRECTION('',(-0.,-0.,-1.));
#4242 = DIRECTION('',(-0.,-1.,0.));
#4243 = ADVANCED_FACE('',(#4244),#4255,.F.);
#4244 = FACE_BOUND('',#4245,.T.);
#4245 = EDGE_LOOP('',(#4246,#4247,#4253,#4254));
#4246 = ORIENTED_EDGE('',*,*,#1142,.T.);
#4247 = ORIENTED_EDGE('',*,*,#4248,.T.);
#4248 = EDGE_CURVE('',#1143,#2425,#4249,.T.);
#4249 = LINE('',#4250,#4251);
#4250 = CARTESIAN_POINT('',(144.78,-120.95,-4.6E-02));
#4251 = VECTOR('',#4252,1.);
#4252 = DIRECTION('',(0.,0.,1.));
#4253 = ORIENTED_EDGE('',*,*,#2424,.F.);
#4254 = ORIENTED_EDGE('',*,*,#4248,.F.);
#4255 = CYLINDRICAL_SURFACE('',#4256,0.95);
#4256 = AXIS2_PLACEMENT_3D('',#4257,#4258,#4259);
#4257 = CARTESIAN_POINT('',(144.78,-120.,-4.6E-02));
#4258 = DIRECTION('',(-0.,-0.,-1.));
#4259 = DIRECTION('',(-0.,-1.,0.));
#4260 = ADVANCED_FACE('',(#4261),#4272,.F.);
#4261 = FACE_BOUND('',#4262,.T.);
#4262 = EDGE_LOOP('',(#4263,#4264,#4270,#4271));
#4263 = ORIENTED_EDGE('',*,*,#1153,.T.);
#4264 = ORIENTED_EDGE('',*,*,#4265,.T.);
#4265 = EDGE_CURVE('',#1154,#2436,#4266,.T.);
#4266 = LINE('',#4267,#4268);
#4267 = CARTESIAN_POINT('',(150.28,-121.725,-4.6E-02));
#4268 = VECTOR('',#4269,1.);
#4269 = DIRECTION('',(0.,0.,1.));
#4270 = ORIENTED_EDGE('',*,*,#2435,.F.);
#4271 = ORIENTED_EDGE('',*,*,#4265,.F.);
#4272 = CYLINDRICAL_SURFACE('',#4273,1.725);
#4273 = AXIS2_PLACEMENT_3D('',#4274,#4275,#4276);
#4274 = CARTESIAN_POINT('',(150.28,-120.,-4.6E-02));
#4275 = DIRECTION('',(-0.,-0.,-1.));
#4276 = DIRECTION('',(-0.,-1.,0.));
#4277 = ADVANCED_FACE('',(#4278),#4289,.F.);
#4278 = FACE_BOUND('',#4279,.T.);
#4279 = EDGE_LOOP('',(#4280,#4281,#4287,#4288));
#4280 = ORIENTED_EDGE('',*,*,#1164,.T.);
#4281 = ORIENTED_EDGE('',*,*,#4282,.T.);
#4282 = EDGE_CURVE('',#1165,#2447,#4283,.T.);
#4283 = LINE('',#4284,#4285);
#4284 = CARTESIAN_POINT('',(155.78,-120.95,-4.6E-02));
#4285 = VECTOR('',#4286,1.);
#4286 = DIRECTION('',(0.,0.,1.));
#4287 = ORIENTED_EDGE('',*,*,#2446,.F.);
#4288 = ORIENTED_EDGE('',*,*,#4282,.F.);
#4289 = CYLINDRICAL_SURFACE('',#4290,0.95);
#4290 = AXIS2_PLACEMENT_3D('',#4291,#4292,#4293);
#4291 = CARTESIAN_POINT('',(155.78,-120.,-4.6E-02));
#4292 = DIRECTION('',(-0.,-0.,-1.));
#4293 = DIRECTION('',(-0.,-1.,0.));
#4294 = ADVANCED_FACE('',(#4295),#4306,.F.);
#4295 = FACE_BOUND('',#4296,.T.);
#4296 = EDGE_LOOP('',(#4297,#4298,#4304,#4305));
#4297 = ORIENTED_EDGE('',*,*,#1175,.T.);
#4298 = ORIENTED_EDGE('',*,*,#4299,.T.);
#4299 = EDGE_CURVE('',#1176,#2458,#4300,.T.);
#4300 = LINE('',#4301,#4302);
#4301 = CARTESIAN_POINT('',(149.352,-107.518,-4.6E-02));
#4302 = VECTOR('',#4303,1.);
#4303 = DIRECTION('',(0.,0.,1.));
#4304 = ORIENTED_EDGE('',*,*,#2457,.F.);
#4305 = ORIENTED_EDGE('',*,*,#4299,.F.);
#4306 = CYLINDRICAL_SURFACE('',#4307,1.6);
#4307 = AXIS2_PLACEMENT_3D('',#4308,#4309,#4310);
#4308 = CARTESIAN_POINT('',(149.352,-105.918,-4.6E-02));
#4309 = DIRECTION('',(-0.,-0.,-1.));
#4310 = DIRECTION('',(-0.,-1.,0.));
#4311 = ADVANCED_FACE('',(#4312),#4323,.F.);
#4312 = FACE_BOUND('',#4313,.T.);
#4313 = EDGE_LOOP('',(#4314,#4315,#4321,#4322));
#4314 = ORIENTED_EDGE('',*,*,#1186,.T.);
#4315 = ORIENTED_EDGE('',*,*,#4316,.T.);
#4316 = EDGE_CURVE('',#1187,#2469,#4317,.T.);
#4317 = LINE('',#4318,#4319);
#4318 = CARTESIAN_POINT('',(148.1465,-101.592,-4.6E-02));
#4319 = VECTOR('',#4320,1.);
#4320 = DIRECTION('',(0.,0.,1.));
#4321 = ORIENTED_EDGE('',*,*,#2468,.F.);
#4322 = ORIENTED_EDGE('',*,*,#4316,.F.);
#4323 = CYLINDRICAL_SURFACE('',#4324,0.5);
#4324 = AXIS2_PLACEMENT_3D('',#4325,#4326,#4327);
#4325 = CARTESIAN_POINT('',(148.1465,-101.092,-4.6E-02));
#4326 = DIRECTION('',(-0.,-0.,-1.));
#4327 = DIRECTION('',(-0.,-1.,0.));
#4328 = ADVANCED_FACE('',(#4329),#4340,.F.);
#4329 = FACE_BOUND('',#4330,.T.);
#4330 = EDGE_LOOP('',(#4331,#4332,#4338,#4339));
#4331 = ORIENTED_EDGE('',*,*,#1197,.T.);
#4332 = ORIENTED_EDGE('',*,*,#4333,.T.);
#4333 = EDGE_CURVE('',#1198,#2480,#4334,.T.);
#4334 = LINE('',#4335,#4336);
#4335 = CARTESIAN_POINT('',(150.6865,-101.592,-4.6E-02));
#4336 = VECTOR('',#4337,1.);
#4337 = DIRECTION('',(0.,0.,1.));
#4338 = ORIENTED_EDGE('',*,*,#2479,.F.);
#4339 = ORIENTED_EDGE('',*,*,#4333,.F.);
#4340 = CYLINDRICAL_SURFACE('',#4341,0.5);
#4341 = AXIS2_PLACEMENT_3D('',#4342,#4343,#4344);
#4342 = CARTESIAN_POINT('',(150.6865,-101.092,-4.6E-02));
#4343 = DIRECTION('',(-0.,-0.,-1.));
#4344 = DIRECTION('',(-0.,-1.,0.));
#4345 = ADVANCED_FACE('',(#4346),#4357,.F.);
#4346 = FACE_BOUND('',#4347,.T.);
#4347 = EDGE_LOOP('',(#4348,#4349,#4355,#4356));
#4348 = ORIENTED_EDGE('',*,*,#1208,.T.);
#4349 = ORIENTED_EDGE('',*,*,#4350,.T.);
#4350 = EDGE_CURVE('',#1209,#2491,#4351,.T.);
#4351 = LINE('',#4352,#4353);
#4352 = CARTESIAN_POINT('',(148.1465,-99.052,-4.6E-02));
#4353 = VECTOR('',#4354,1.);
#4354 = DIRECTION('',(0.,0.,1.));
#4355 = ORIENTED_EDGE('',*,*,#2490,.F.);
#4356 = ORIENTED_EDGE('',*,*,#4350,.F.);
#4357 = CYLINDRICAL_SURFACE('',#4358,0.5);
#4358 = AXIS2_PLACEMENT_3D('',#4359,#4360,#4361);
#4359 = CARTESIAN_POINT('',(148.1465,-98.552,-4.6E-02));
#4360 = DIRECTION('',(-0.,-0.,-1.));
#4361 = DIRECTION('',(-0.,-1.,0.));
#4362 = ADVANCED_FACE('',(#4363),#4374,.F.);
#4363 = FACE_BOUND('',#4364,.T.);
#4364 = EDGE_LOOP('',(#4365,#4366,#4372,#4373));
#4365 = ORIENTED_EDGE('',*,*,#1219,.T.);
#4366 = ORIENTED_EDGE('',*,*,#4367,.T.);
#4367 = EDGE_CURVE('',#1220,#2502,#4368,.T.);
#4368 = LINE('',#4369,#4370);
#4369 = CARTESIAN_POINT('',(148.1465,-96.512,-4.6E-02));
#4370 = VECTOR('',#4371,1.);
#4371 = DIRECTION('',(0.,0.,1.));
#4372 = ORIENTED_EDGE('',*,*,#2501,.F.);
#4373 = ORIENTED_EDGE('',*,*,#4367,.F.);
#4374 = CYLINDRICAL_SURFACE('',#4375,0.5);
#4375 = AXIS2_PLACEMENT_3D('',#4376,#4377,#4378);
#4376 = CARTESIAN_POINT('',(148.1465,-96.012,-4.6E-02));
#4377 = DIRECTION('',(-0.,-0.,-1.));
#4378 = DIRECTION('',(-0.,-1.,0.));
#4379 = ADVANCED_FACE('',(#4380),#4391,.F.);
#4380 = FACE_BOUND('',#4381,.T.);
#4381 = EDGE_LOOP('',(#4382,#4383,#4389,#4390));
#4382 = ORIENTED_EDGE('',*,*,#1230,.T.);
#4383 = ORIENTED_EDGE('',*,*,#4384,.T.);
#4384 = EDGE_CURVE('',#1231,#2513,#4385,.T.);
#4385 = LINE('',#4386,#4387);
#4386 = CARTESIAN_POINT('',(150.6865,-99.052,-4.6E-02));
#4387 = VECTOR('',#4388,1.);
#4388 = DIRECTION('',(0.,0.,1.));
#4389 = ORIENTED_EDGE('',*,*,#2512,.F.);
#4390 = ORIENTED_EDGE('',*,*,#4384,.F.);
#4391 = CYLINDRICAL_SURFACE('',#4392,0.5);
#4392 = AXIS2_PLACEMENT_3D('',#4393,#4394,#4395);
#4393 = CARTESIAN_POINT('',(150.6865,-98.552,-4.6E-02));
#4394 = DIRECTION('',(-0.,-0.,-1.));
#4395 = DIRECTION('',(-0.,-1.,0.));
#4396 = ADVANCED_FACE('',(#4397),#4408,.F.);
#4397 = FACE_BOUND('',#4398,.T.);
#4398 = EDGE_LOOP('',(#4399,#4400,#4406,#4407));
#4399 = ORIENTED_EDGE('',*,*,#1241,.T.);
#4400 = ORIENTED_EDGE('',*,*,#4401,.T.);
#4401 = EDGE_CURVE('',#1242,#2524,#4402,.T.);
#4402 = LINE('',#4403,#4404);
#4403 = CARTESIAN_POINT('',(155.194,-97.02,-4.6E-02));
#4404 = VECTOR('',#4405,1.);
#4405 = DIRECTION('',(0.,0.,1.));
#4406 = ORIENTED_EDGE('',*,*,#2523,.F.);
#4407 = ORIENTED_EDGE('',*,*,#4401,.F.);
#4408 = CYLINDRICAL_SURFACE('',#4409,0.5);
#4409 = AXIS2_PLACEMENT_3D('',#4410,#4411,#4412);
#4410 = CARTESIAN_POINT('',(155.194,-96.52,-4.6E-02));
#4411 = DIRECTION('',(-0.,-0.,-1.));
#4412 = DIRECTION('',(-0.,-1.,0.));
#4413 = ADVANCED_FACE('',(#4414),#4425,.F.);
#4414 = FACE_BOUND('',#4415,.T.);
#4415 = EDGE_LOOP('',(#4416,#4417,#4423,#4424));
#4416 = ORIENTED_EDGE('',*,*,#1252,.T.);
#4417 = ORIENTED_EDGE('',*,*,#4418,.T.);
#4418 = EDGE_CURVE('',#1253,#2535,#4419,.T.);
#4419 = LINE('',#4420,#4421);
#4420 = CARTESIAN_POINT('',(150.6865,-96.512,-4.6E-02));
#4421 = VECTOR('',#4422,1.);
#4422 = DIRECTION('',(0.,0.,1.));
#4423 = ORIENTED_EDGE('',*,*,#2534,.F.);
#4424 = ORIENTED_EDGE('',*,*,#4418,.F.);
#4425 = CYLINDRICAL_SURFACE('',#4426,0.5);
#4426 = AXIS2_PLACEMENT_3D('',#4427,#4428,#4429);
#4427 = CARTESIAN_POINT('',(150.6865,-96.012,-4.6E-02));
#4428 = DIRECTION('',(-0.,-0.,-1.));
#4429 = DIRECTION('',(-0.,-1.,0.));
#4430 = ADVANCED_FACE('',(#4431),#4442,.F.);
#4431 = FACE_BOUND('',#4432,.T.);
#4432 = EDGE_LOOP('',(#4433,#4434,#4440,#4441));
#4433 = ORIENTED_EDGE('',*,*,#1263,.T.);
#4434 = ORIENTED_EDGE('',*,*,#4435,.T.);
#4435 = EDGE_CURVE('',#1264,#2546,#4436,.T.);
#4436 = LINE('',#4437,#4438);
#4437 = CARTESIAN_POINT('',(155.194,-94.48,-4.6E-02));
#4438 = VECTOR('',#4439,1.);
#4439 = DIRECTION('',(0.,0.,1.));
#4440 = ORIENTED_EDGE('',*,*,#2545,.F.);
#4441 = ORIENTED_EDGE('',*,*,#4435,.F.);
#4442 = CYLINDRICAL_SURFACE('',#4443,0.5);
#4443 = AXIS2_PLACEMENT_3D('',#4444,#4445,#4446);
#4444 = CARTESIAN_POINT('',(155.194,-93.98,-4.6E-02));
#4445 = DIRECTION('',(-0.,-0.,-1.));
#4446 = DIRECTION('',(-0.,-1.,0.));
#4447 = ADVANCED_FACE('',(#4448),#4459,.F.);
#4448 = FACE_BOUND('',#4449,.T.);
#4449 = EDGE_LOOP('',(#4450,#4451,#4457,#4458));
#4450 = ORIENTED_EDGE('',*,*,#1274,.T.);
#4451 = ORIENTED_EDGE('',*,*,#4452,.T.);
#4452 = EDGE_CURVE('',#1275,#2557,#4453,.T.);
#4453 = LINE('',#4454,#4455);
#4454 = CARTESIAN_POINT('',(148.1465,-93.972,-4.6E-02));
#4455 = VECTOR('',#4456,1.);
#4456 = DIRECTION('',(0.,0.,1.));
#4457 = ORIENTED_EDGE('',*,*,#2556,.F.);
#4458 = ORIENTED_EDGE('',*,*,#4452,.F.);
#4459 = CYLINDRICAL_SURFACE('',#4460,0.5);
#4460 = AXIS2_PLACEMENT_3D('',#4461,#4462,#4463);
#4461 = CARTESIAN_POINT('',(148.1465,-93.472,-4.6E-02));
#4462 = DIRECTION('',(-0.,-0.,-1.));
#4463 = DIRECTION('',(-0.,-1.,0.));
#4464 = ADVANCED_FACE('',(#4465),#4476,.F.);
#4465 = FACE_BOUND('',#4466,.T.);
#4466 = EDGE_LOOP('',(#4467,#4468,#4474,#4475));
#4467 = ORIENTED_EDGE('',*,*,#1285,.T.);
#4468 = ORIENTED_EDGE('',*,*,#4469,.T.);
#4469 = EDGE_CURVE('',#1286,#2568,#4470,.T.);
#4470 = LINE('',#4471,#4472);
#4471 = CARTESIAN_POINT('',(148.1465,-91.432,-4.6E-02));
#4472 = VECTOR('',#4473,1.);
#4473 = DIRECTION('',(0.,0.,1.));
#4474 = ORIENTED_EDGE('',*,*,#2567,.F.);
#4475 = ORIENTED_EDGE('',*,*,#4469,.F.);
#4476 = CYLINDRICAL_SURFACE('',#4477,0.5);
#4477 = AXIS2_PLACEMENT_3D('',#4478,#4479,#4480);
#4478 = CARTESIAN_POINT('',(148.1465,-90.932,-4.6E-02));
#4479 = DIRECTION('',(-0.,-0.,-1.));
#4480 = DIRECTION('',(-0.,-1.,0.));
#4481 = ADVANCED_FACE('',(#4482),#4493,.F.);
#4482 = FACE_BOUND('',#4483,.T.);
#4483 = EDGE_LOOP('',(#4484,#4485,#4491,#4492));
#4484 = ORIENTED_EDGE('',*,*,#1296,.T.);
#4485 = ORIENTED_EDGE('',*,*,#4486,.T.);
#4486 = EDGE_CURVE('',#1297,#2579,#4487,.T.);
#4487 = LINE('',#4488,#4489);
#4488 = CARTESIAN_POINT('',(148.1465,-88.892,-4.6E-02));
#4489 = VECTOR('',#4490,1.);
#4490 = DIRECTION('',(0.,0.,1.));
#4491 = ORIENTED_EDGE('',*,*,#2578,.F.);
#4492 = ORIENTED_EDGE('',*,*,#4486,.F.);
#4493 = CYLINDRICAL_SURFACE('',#4494,0.5);
#4494 = AXIS2_PLACEMENT_3D('',#4495,#4496,#4497);
#4495 = CARTESIAN_POINT('',(148.1465,-88.392,-4.6E-02));
#4496 = DIRECTION('',(-0.,-0.,-1.));
#4497 = DIRECTION('',(-0.,-1.,0.));
#4498 = ADVANCED_FACE('',(#4499),#4510,.F.);
#4499 = FACE_BOUND('',#4500,.T.);
#4500 = EDGE_LOOP('',(#4501,#4502,#4508,#4509));
#4501 = ORIENTED_EDGE('',*,*,#1307,.T.);
#4502 = ORIENTED_EDGE('',*,*,#4503,.T.);
#4503 = EDGE_CURVE('',#1308,#2590,#4504,.T.);
#4504 = LINE('',#4505,#4506);
#4505 = CARTESIAN_POINT('',(150.6865,-93.972,-4.6E-02));
#4506 = VECTOR('',#4507,1.);
#4507 = DIRECTION('',(0.,0.,1.));
#4508 = ORIENTED_EDGE('',*,*,#2589,.F.);
#4509 = ORIENTED_EDGE('',*,*,#4503,.F.);
#4510 = CYLINDRICAL_SURFACE('',#4511,0.5);
#4511 = AXIS2_PLACEMENT_3D('',#4512,#4513,#4514);
#4512 = CARTESIAN_POINT('',(150.6865,-93.472,-4.6E-02));
#4513 = DIRECTION('',(-0.,-0.,-1.));
#4514 = DIRECTION('',(-0.,-1.,0.));
#4515 = ADVANCED_FACE('',(#4516),#4527,.F.);
#4516 = FACE_BOUND('',#4517,.T.);
#4517 = EDGE_LOOP('',(#4518,#4519,#4525,#4526));
#4518 = ORIENTED_EDGE('',*,*,#1318,.T.);
#4519 = ORIENTED_EDGE('',*,*,#4520,.T.);
#4520 = EDGE_CURVE('',#1319,#2601,#4521,.T.);
#4521 = LINE('',#4522,#4523);
#4522 = CARTESIAN_POINT('',(150.6865,-91.432,-4.6E-02));
#4523 = VECTOR('',#4524,1.);
#4524 = DIRECTION('',(0.,0.,1.));
#4525 = ORIENTED_EDGE('',*,*,#2600,.F.);
#4526 = ORIENTED_EDGE('',*,*,#4520,.F.);
#4527 = CYLINDRICAL_SURFACE('',#4528,0.5);
#4528 = AXIS2_PLACEMENT_3D('',#4529,#4530,#4531);
#4529 = CARTESIAN_POINT('',(150.6865,-90.932,-4.6E-02));
#4530 = DIRECTION('',(-0.,-0.,-1.));
#4531 = DIRECTION('',(-0.,-1.,0.));
#4532 = ADVANCED_FACE('',(#4533),#4544,.F.);
#4533 = FACE_BOUND('',#4534,.T.);
#4534 = EDGE_LOOP('',(#4535,#4536,#4542,#4543));
#4535 = ORIENTED_EDGE('',*,*,#1329,.T.);
#4536 = ORIENTED_EDGE('',*,*,#4537,.T.);
#4537 = EDGE_CURVE('',#1330,#2612,#4538,.T.);
#4538 = LINE('',#4539,#4540);
#4539 = CARTESIAN_POINT('',(155.194,-91.94,-4.6E-02));
#4540 = VECTOR('',#4541,1.);
#4541 = DIRECTION('',(0.,0.,1.));
#4542 = ORIENTED_EDGE('',*,*,#2611,.F.);
#4543 = ORIENTED_EDGE('',*,*,#4537,.F.);
#4544 = CYLINDRICAL_SURFACE('',#4545,0.5);
#4545 = AXIS2_PLACEMENT_3D('',#4546,#4547,#4548);
#4546 = CARTESIAN_POINT('',(155.194,-91.44,-4.6E-02));
#4547 = DIRECTION('',(-0.,-0.,-1.));
#4548 = DIRECTION('',(-0.,-1.,0.));
#4549 = ADVANCED_FACE('',(#4550),#4561,.F.);
#4550 = FACE_BOUND('',#4551,.T.);
#4551 = EDGE_LOOP('',(#4552,#4553,#4559,#4560));
#4552 = ORIENTED_EDGE('',*,*,#1340,.T.);
#4553 = ORIENTED_EDGE('',*,*,#4554,.T.);
#4554 = EDGE_CURVE('',#1341,#2623,#4555,.T.);
#4555 = LINE('',#4556,#4557);
#4556 = CARTESIAN_POINT('',(150.6865,-88.892,-4.6E-02));
#4557 = VECTOR('',#4558,1.);
#4558 = DIRECTION('',(0.,0.,1.));
#4559 = ORIENTED_EDGE('',*,*,#2622,.F.);
#4560 = ORIENTED_EDGE('',*,*,#4554,.F.);
#4561 = CYLINDRICAL_SURFACE('',#4562,0.5);
#4562 = AXIS2_PLACEMENT_3D('',#4563,#4564,#4565);
#4563 = CARTESIAN_POINT('',(150.6865,-88.392,-4.6E-02));
#4564 = DIRECTION('',(-0.,-0.,-1.));
#4565 = DIRECTION('',(-0.,-1.,0.));
#4566 = ADVANCED_FACE('',(#4567),#4578,.F.);
#4567 = FACE_BOUND('',#4568,.T.);
#4568 = EDGE_LOOP('',(#4569,#4570,#4576,#4577));
#4569 = ORIENTED_EDGE('',*,*,#1351,.T.);
#4570 = ORIENTED_EDGE('',*,*,#4571,.T.);
#4571 = EDGE_CURVE('',#1352,#2634,#4572,.T.);
#4572 = LINE('',#4573,#4574);
#4573 = CARTESIAN_POINT('',(155.194,-89.4,-4.6E-02));
#4574 = VECTOR('',#4575,1.);
#4575 = DIRECTION('',(0.,0.,1.));
#4576 = ORIENTED_EDGE('',*,*,#2633,.F.);
#4577 = ORIENTED_EDGE('',*,*,#4571,.F.);
#4578 = CYLINDRICAL_SURFACE('',#4579,0.5);
#4579 = AXIS2_PLACEMENT_3D('',#4580,#4581,#4582);
#4580 = CARTESIAN_POINT('',(155.194,-88.9,-4.6E-02));
#4581 = DIRECTION('',(-0.,-0.,-1.));
#4582 = DIRECTION('',(-0.,-1.,0.));
#4583 = ADVANCED_FACE('',(#4584),#4595,.F.);
#4584 = FACE_BOUND('',#4585,.T.);
#4585 = EDGE_LOOP('',(#4586,#4587,#4593,#4594));
#4586 = ORIENTED_EDGE('',*,*,#1362,.T.);
#4587 = ORIENTED_EDGE('',*,*,#4588,.T.);
#4588 = EDGE_CURVE('',#1363,#2645,#4589,.T.);
#4589 = LINE('',#4590,#4591);
#4590 = CARTESIAN_POINT('',(148.1465,-86.352,-4.6E-02));
#4591 = VECTOR('',#4592,1.);
#4592 = DIRECTION('',(0.,0.,1.));
#4593 = ORIENTED_EDGE('',*,*,#2644,.F.);
#4594 = ORIENTED_EDGE('',*,*,#4588,.F.);
#4595 = CYLINDRICAL_SURFACE('',#4596,0.5);
#4596 = AXIS2_PLACEMENT_3D('',#4597,#4598,#4599);
#4597 = CARTESIAN_POINT('',(148.1465,-85.852,-4.6E-02));
#4598 = DIRECTION('',(-0.,-0.,-1.));
#4599 = DIRECTION('',(-0.,-1.,0.));
#4600 = ADVANCED_FACE('',(#4601),#4612,.F.);
#4601 = FACE_BOUND('',#4602,.T.);
#4602 = EDGE_LOOP('',(#4603,#4604,#4610,#4611));
#4603 = ORIENTED_EDGE('',*,*,#1373,.T.);
#4604 = ORIENTED_EDGE('',*,*,#4605,.T.);
#4605 = EDGE_CURVE('',#1374,#2656,#4606,.T.);
#4606 = LINE('',#4607,#4608);
#4607 = CARTESIAN_POINT('',(148.1465,-83.812,-4.6E-02));
#4608 = VECTOR('',#4609,1.);
#4609 = DIRECTION('',(0.,0.,1.));
#4610 = ORIENTED_EDGE('',*,*,#2655,.F.);
#4611 = ORIENTED_EDGE('',*,*,#4605,.F.);
#4612 = CYLINDRICAL_SURFACE('',#4613,0.5);
#4613 = AXIS2_PLACEMENT_3D('',#4614,#4615,#4616);
#4614 = CARTESIAN_POINT('',(148.1465,-83.312,-4.6E-02));
#4615 = DIRECTION('',(-0.,-0.,-1.));
#4616 = DIRECTION('',(-0.,-1.,0.));
#4617 = ADVANCED_FACE('',(#4618),#4629,.F.);
#4618 = FACE_BOUND('',#4619,.T.);
#4619 = EDGE_LOOP('',(#4620,#4621,#4627,#4628));
#4620 = ORIENTED_EDGE('',*,*,#1384,.T.);
#4621 = ORIENTED_EDGE('',*,*,#4622,.T.);
#4622 = EDGE_CURVE('',#1385,#2667,#4623,.T.);
#4623 = LINE('',#4624,#4625);
#4624 = CARTESIAN_POINT('',(150.6865,-86.352,-4.6E-02));
#4625 = VECTOR('',#4626,1.);
#4626 = DIRECTION('',(0.,0.,1.));
#4627 = ORIENTED_EDGE('',*,*,#2666,.F.);
#4628 = ORIENTED_EDGE('',*,*,#4622,.F.);
#4629 = CYLINDRICAL_SURFACE('',#4630,0.5);
#4630 = AXIS2_PLACEMENT_3D('',#4631,#4632,#4633);
#4631 = CARTESIAN_POINT('',(150.6865,-85.852,-4.6E-02));
#4632 = DIRECTION('',(-0.,-0.,-1.));
#4633 = DIRECTION('',(-0.,-1.,0.));
#4634 = ADVANCED_FACE('',(#4635),#4646,.F.);
#4635 = FACE_BOUND('',#4636,.T.);
#4636 = EDGE_LOOP('',(#4637,#4638,#4644,#4645));
#4637 = ORIENTED_EDGE('',*,*,#1395,.T.);
#4638 = ORIENTED_EDGE('',*,*,#4639,.T.);
#4639 = EDGE_CURVE('',#1396,#2678,#4640,.T.);
#4640 = LINE('',#4641,#4642);
#4641 = CARTESIAN_POINT('',(150.6865,-83.812,-4.6E-02));
#4642 = VECTOR('',#4643,1.);
#4643 = DIRECTION('',(0.,0.,1.));
#4644 = ORIENTED_EDGE('',*,*,#2677,.F.);
#4645 = ORIENTED_EDGE('',*,*,#4639,.F.);
#4646 = CYLINDRICAL_SURFACE('',#4647,0.5);
#4647 = AXIS2_PLACEMENT_3D('',#4648,#4649,#4650);
#4648 = CARTESIAN_POINT('',(150.6865,-83.312,-4.6E-02));
#4649 = DIRECTION('',(-0.,-0.,-1.));
#4650 = DIRECTION('',(-0.,-1.,0.));
#4651 = ADVANCED_FACE('',(#4652),#4663,.F.);
#4652 = FACE_BOUND('',#4653,.T.);
#4653 = EDGE_LOOP('',(#4654,#4655,#4661,#4662));
#4654 = ORIENTED_EDGE('',*,*,#1406,.T.);
#4655 = ORIENTED_EDGE('',*,*,#4656,.T.);
#4656 = EDGE_CURVE('',#1407,#2689,#4657,.T.);
#4657 = LINE('',#4658,#4659);
#4658 = CARTESIAN_POINT('',(149.352,-80.086,-4.6E-02));
#4659 = VECTOR('',#4660,1.);
#4660 = DIRECTION('',(0.,0.,1.));
#4661 = ORIENTED_EDGE('',*,*,#2688,.F.);
#4662 = ORIENTED_EDGE('',*,*,#4656,.F.);
#4663 = CYLINDRICAL_SURFACE('',#4664,1.6);
#4664 = AXIS2_PLACEMENT_3D('',#4665,#4666,#4667);
#4665 = CARTESIAN_POINT('',(149.352,-78.486,-4.6E-02));
#4666 = DIRECTION('',(-0.,-0.,-1.));
#4667 = DIRECTION('',(-0.,-1.,0.));
#4668 = ( GEOMETRIC_REPRESENTATION_CONTEXT(3) 
GLOBAL_UNCERTAINTY_ASSIGNED_CONTEXT((#4672)) 
GLOBAL_UNIT_ASSIGNED_CONTEXT((#4669,#4670,#4671)) REPRESENTATION_CONTEXT
('Context #1','3D Context with UNIT and UNCERTAINTY') );
#4669 = ( LENGTH_UNIT() NAMED_UNIT(*) SI_UNIT(.MILLI.,.METRE.) );
#4670 = ( NAMED_UNIT(*) PLANE_ANGLE_UNIT() SI_UNIT($,.RADIAN.) );
#4671 = ( NAMED_UNIT(*) SI_UNIT($,.STERADIAN.) SOLID_ANGLE_UNIT() );
#4672 = UNCERTAINTY_MEASURE_WITH_UNIT(LENGTH_MEASURE(1.E-07),#4669,
  'distance_accuracy_value','confusion accuracy');
#4673 = CONTEXT_DEPENDENT_SHAPE_REPRESENTATION(#4674,#4676);
#4674 = ( REPRESENTATION_RELATIONSHIP('','',#32,#10) 
REPRESENTATION_RELATIONSHIP_WITH_TRANSFORMATION(#4675) 
SHAPE_REPRESENTATION_RELATIONSHIP() );
#4675 = ITEM_DEFINED_TRANSFORMATION('','',#11,#15);
#4676 = PRODUCT_DEFINITION_SHAPE('Placement','Placement of an item',
  #4677);
#4677 = NEXT_ASSEMBLY_USAGE_OCCURRENCE('1','=>[0:1:1:2]','',#5,#27,$);
#4678 = PRODUCT_RELATED_PRODUCT_CATEGORY('part',$,(#29));
#4679 = MECHANICAL_DESIGN_GEOMETRIC_PRESENTATION_REPRESENTATION('',(
    #4680),#4668);
#4680 = STYLED_ITEM('color',(#4681),#33);
#4681 = PRESENTATION_STYLE_ASSIGNMENT((#4682));
#4682 = SURFACE_STYLE_USAGE(.BOTH.,#4683);
#4683 = SURFACE_SIDE_STYLE('',(#4684));
#4684 = SURFACE_STYLE_FILL_AREA(#4685);
#4685 = FILL_AREA_STYLE('',(#4686));
#4686 = FILL_AREA_STYLE_COLOUR('',#4687);
#4687 = COLOUR_RGB('',0.277846546019,0.436627062838,0.370214030736);
ENDSEC;
END-ISO-10303-21;
